,date,weighted_T,weighted_w_dir,weighted_w_spd,weighted_w_gust,weighted_rh,weighted_precip,weighted_w_u,weighted_w_v,w_gust_var,w_dir_var,w_uv_var,course_id
0,2018-11-25,57.02318840579711,80.34492753623188,1.2898550724637683,6.8,88.21449275362319,0.0,0.8072298216766333,0.670447027838815,0.5599999999999999,266.4903507666456,154.90481782258624,0
1,2019-02-24,52.83927304964539,179.61152482269506,1.9790189125295508,11.066666666666668,75.88380614657211,0.0,-0.276422116351581,-1.2553239369830749,0.06222222222222221,1907.3474120181745,27.922180275297908,0
2,2019-01-27,56.64259259259259,66.36296296296295,3.9166666666666665,12.466666666666669,73.71481481481482,0.0,2.674323749100638,2.326600858963152,1.5822222222222224,301.05652949245535,227.95403501498754,0
3,2019-02-17,49.2994708994709,267.3698412698413,5.48952380952381,14.066666666666665,67.71116402116402,0.0007777777777777778,-4.882030369263158,-0.07081315812861605,1.528888888888889,14.666560006718655,13.316157500629805,0
4,2019-01-06,51.50555555555556,153.13333333333333,4.384722222222222,20.933333333333334,89.79861111111113,0.10562500000000001,0.8291784505927658,-3.2278268584891183,6.995555555555555,214.37655092592604,906.5003132921814,0
5,2018-11-18,51.21485507246377,73.61654589371979,3.325603864734299,10.266666666666666,93.15929951690822,0.0,2.1641724088357246,1.5453281360815971,3.2622222222222224,452.5457640493358,1039.4939779320875,0
6,2019-02-03,53.60370370370371,243.12592592592588,6.662962962962964,20.4,91.89999999999999,0.0018703703703703705,-5.654134336342953,-2.8077369649967587,6.1066666666666665,17.509657064471828,49.62350673068135,0
7,2018-12-09,49.49166666666667,68.11666666666667,3.9194444444444443,13.133333333333333,90.9888888888889,0.0,2.1007778328766786,2.8226864613473617,2.915555555555555,490.20398148148143,41.108701563785935,0
8,2018-11-04,57.99832915622389,233.28359788359793,2.7013088276246173,12.0,82.41275410749095,0.0007680311890838207,-2.212663413012476,-1.1895239868798748,9.066666666666666,168.9302992807989,595.2950930809496,0
9,2018-12-23,55.74408212560386,92.79855072463766,0.2265700483091787,4.2,78.2701690821256,0.0,0.19135038361823256,0.04946383647723577,3.0933333333333333,452.04620055310517,544.5677170734433,0
10,2019-01-13,54.356944444444444,68.79027777777777,4.691666666666667,14.600000000000001,79.70694444444445,0.0003888888888888889,4.087325019947605,1.5655237225480212,6.239999999999999,26.691577932098742,144.09893235082293,0
11,2019-03-17,67.87037037037038,217.17592592592595,0.9861111111111112,2.611111111111111,49.245370370370374,0.0,-0.6647946900438783,-0.1259590658759966,1.0154320987654322,5014.889574759946,1977.9723599766169,1
12,2019-01-20,56.668055555555554,228.1718676122932,3.6178486997635937,16.400000000000002,96.69624704491726,0.012111111111111105,-2.4903284006548465,-2.1989329694054156,2.2399999999999998,19.627782138795272,10.794535720169007,0
13,2018-12-17,6.933333333333334,18.0,0.0,1.2,12.4,0.0013333333333333333,0.0,0.0,8.112,1825.2,44418.0672,0
14,2019-03-31,60.38055555555555,206.75277777777777,1.2722222222222224,4.066666666666667,74.82222222222222,0.0,-0.8066455450770894,-0.01079838440693943,3.9288888888888884,4969.1940895061725,5910.671043989484,0
15,2019-02-10,46.09252364066194,266.49145981087474,2.3411347517730494,12.600000000000001,69.94001182033098,0.0,-2.0810465631319786,-0.47857747308494836,1.04,30.625855938319162,12.680142007402361,0
16,2019-03-11,0.0,0.0,0.0,0.0,0.0,0.0,0.0,0.0,0.0,0.0,0.0,0
17,2019-03-10,51.38158139142181,94.48687641723357,5.202497949534424,17.86666666666667,80.94258696386358,0.0,4.470683584214588,-0.6940582923051748,0.9155555555555556,13.347998323100974,11.686552697859627,0
18,2019-03-03,53.76610522430597,234.82836823367813,2.515856062942094,9.533333333333333,96.95529793774938,0.014553359683794473,-2.014618771606207,-1.279770653346714,1.4488888888888891,277.43583107958153,570.5872752584477,0
19,2018-11-11,62.98716285663653,59.560056707425126,5.091894382420698,15.866666666666665,26.821612617402092,0.0,2.632290492627168,3.7927244958681907,2.382222222222222,115.4362744513008,111.3702122628747,0
20,2018-12-30,50.78012345679013,104.04248677248677,1.0369664902998237,8.0,81.40149911816577,0.0,0.2833786971608158,0.46550053574377626,0.0,3660.7783081268717,0.0,0
21,2018-12-02,51.962407407407404,74.18351851851851,1.5318518518518518,10.066666666666666,66.05037037037037,0.0,0.9733583861905103,0.9522285762859526,7.128888888888889,346.4785580932783,1050.3675454987554,0
22,2019-03-24,54.0,56.00000000000001,4.0,5.0,68.0,0.05999999999999999,3.3161502902200795,2.236771613883117,0.0,5.048709793414476e-29,0.0,1
23,2018-12-16,59.633333333333326,130.90661375661372,4.06984126984127,19.53333333333333,81.32275132275132,0.0,2.0572377144649656,-2.2567477245361007,13.18222222222222,270.7201315752638,2851.553386963886,0
24,2019-06-15,59.62943262411347,154.5855988967691,3.76029353821907,15.833333333333334,68.46254432624114,0.0,-1.6729093973628093,-1.3410650316924013,4.027777777777778,231.88867653355385,770.8138594326778,1
25,2017-10-07,74.6602369398938,188.93692707301773,2.6976867767308943,10.944444444444445,32.370504767563595,0.0,-1.7267202004779127,-1.3375789449333413,24.274691358024686,781.9352436579187,8880.846321351031,1
26,2018-04-14,67.73668430335097,225.80387228965662,3.274229691876751,11.388888888888888,56.16903983815748,0.0,-1.89123921260383,-1.375058913428416,18.57098765432099,41.497805559036024,381.8433507567409,1
27,2018-09-08,72.2744708994709,157.96075837742504,2.698853615520282,10.166666666666666,57.96494708994709,0.0,-0.8575608045112516,-1.4795481948497473,7.6944444444444455,724.949802792631,3340.1604584850265,1
28,2019-04-14,60.10185185185185,232.01388888888889,2.305555555555556,5.055555555555556,67.49074074074075,0.0,-1.758557940735588,-1.217727642128064,3.2746913580246915,211.88753858024668,269.3934010203213,1
29,2019-02-16,51.15488536155204,285.6727513227513,5.109347442680776,17.11111111111111,77.70273368606702,0.01737213403880071,-4.463797709766239,1.7243772097202663,16.320987654320987,131.61030332297534,250.57723927353857,2
30,2018-08-11,75.5324074074074,143.2577160493827,3.0131172839506175,10.388888888888888,50.71219135802469,0.0,-1.4789799238776373,-1.854801987629525,7.682098765432099,668.9361115874108,2754.400419795748,1
31,2017-11-18,58.49731040564373,202.59373897707232,1.928395061728395,9.111111111111112,45.55895061728395,0.0,-0.4988694350299688,-0.23601502826728282,3.4320987654320985,309.5715485910872,150.38544883470703,1
32,2017-12-16,60.26512345679012,187.97998236331568,3.4082010582010582,20.0,25.745546737213402,0.0,-1.4080988637898741,1.7904660976140505,9.111111111111109,195.43131579152006,826.8374921644972,1
33,2017-11-25,67.02274495656847,135.9716846334493,1.855925029944638,10.61111111111111,65.73858566995823,0.0,0.5021241902256345,1.6071548165071754,1.1265432098765433,1089.8215824648976,758.7762482580588,1
34,2017-11-24,67.0425925925926,231.2685185185185,0.5833333333333334,2.8888888888888893,76.66759259259258,0.0,-0.28510592128146844,-0.26049161418501654,3.0987654320987654,1448.3360768175587,2324.1882664107256,1
35,2019-03-23,57.859869833601714,154.76887077294685,3.287003488996243,13.444444444444445,60.63026704240473,0.0,-0.98260743515686,-1.119900212953936,31.469135802469136,340.3200327126826,6942.205419905292,1
36,2019-04-13,69.6507118522248,153.15646583641464,1.5221538966938153,6.222222222222221,41.700747854115555,0.0,-0.27047703287069397,-0.48102459587560026,12.17283950617284,87.84563422581304,919.2854962107034,1
37,2018-06-16,67.53359788359789,152.71785714285713,4.033377425044091,16.944444444444446,61.77094356261023,0.0,-1.0961990412914557,-1.5168929041448243,11.052469135802468,775.6650154146024,4790.95673777509,1
38,2019-01-19,62.638888888888886,250.1574074074074,1.6111111111111114,3.555555555555556,75.57407407407406,0.0,-1.238887984354453,-0.3195315588539384,0.46913580246913583,660.1303155006862,380.16230901768296,2
39,2019-05-12,61.68518518518519,244.52314814814812,2.0231481481481484,3.777777777777778,71.44444444444444,0.0,-1.6604534196376017,-0.9690410833864592,0.617283950617284,109.82469564471864,38.61852510242592,1
40,2017-11-11,61.78636269322544,175.46684822076978,1.9406292146488227,8.61111111111111,69.72995383338521,0.0,-1.251322403406058,-0.907389377160074,5.90432098765432,115.2266316020208,493.08006951195875,1
41,2017-11-04,58.41084656084656,199.84660493827155,2.570811287477954,13.111111111111112,73.94947089947091,0.0002857142857142857,-1.7443175600233873,-1.2346477925607904,17.765432098765434,674.8826026570894,2355.709046351035,1
42,2017-10-14,70.6391975308642,158.91609347442682,3.1362874779541445,19.555555555555554,21.97482363315697,0.0,0.5841861381807028,2.4091517737118107,9.80246913580247,1068.715421027236,7251.595695483281,1
43,2018-12-15,61.07654320987654,182.40123456790124,1.8086419753086418,7.666666666666667,71.8641975308642,0.0,0.450880915590224,-1.2447733021797778,3.555555555555556,2313.163770766652,10401.817163813423,2
44,2017-12-23,53.25529100529101,96.92592592592594,0.2566137566137566,3.555555555555556,55.87632275132275,0.0,-0.06941291988890282,0.04418956406029214,1.2469135802469136,404.7846364883403,335.90287113636947,1
45,2018-05-12,71.09016754850087,200.99166666666665,4.303306878306879,15.722222222222221,45.72777777777777,0.0,-2.6764482039525963,0.22874815166839058,20.867283950617285,297.10220936213983,3286.9616992327506,1
46,2018-11-24,58.80350970017637,225.69894179894183,3.462169312169312,13.333333333333334,89.86869488536155,0.0,-2.2919720222223767,-1.7993033989926286,5.5555555555555545,50.854581898602966,201.31276786527846,2
47,2018-03-17,48.60124798711755,207.70621980676333,3.4229066022544283,9.666666666666666,77.2926731078905,0.0005555555555555554,0.032569688443908694,0.2702955640455214,3.555555555555556,6261.354486922829,6297.931795144672,1
48,2018-04-13,63.845959595959606,189.80345117845118,2.297138047138047,0.0,49.75168350168351,0.0,-0.34966294054628205,-1.1088897615745197,0.0,209.91035016976733,0.0,1
49,2018-03-18,0.0,0.0,0.0,0.0,0.0,0.0,0.0,0.0,0.0,0.0,0.0,1
50,2018-10-07,75.3996913580247,181.99074074074076,3.8935185185185177,20.0,25.169753086419757,0.0,-1.1658179057419522,3.14526829005532,2.6666666666666665,1155.1549211248287,1180.6196567151876,1
51,2017-10-21,62.72806307708268,207.276976346094,2.49550523913269,10.944444444444445,50.607791264654004,0.0,-1.5481262985944368,-0.3703723591218174,12.27469135802469,450.1162122826011,3719.677511952766,1
52,2017-12-02,56.17067452910366,176.09293214944557,1.0926230006689777,6.222222222222222,71.46207387759112,0.0,-0.3759506043941864,-0.16384116206074362,3.0617283950617282,265.88378786489767,1138.7696129337774,1
53,2018-07-14,68.88117283950616,215.8595679012346,3.7268518518518516,13.444444444444445,68.1358024691358,0.0,-2.8480594353986106,-1.4706482658976106,5.6913580246913575,1114.4991831466236,5213.284470509888,1
54,2017-12-09,59.44699322978892,147.8879131819992,1.795440063719634,11.055555555555555,43.259667463162096,0.0,0.3274402855205077,1.1855316918754844,1.3858024691358024,1897.703026779739,1946.2714398786013,1
55,2018-08-29,66.0914814814815,265.27037037037036,3.622777777777778,11.733333333333334,84.70666666666669,0.0,-3.2191674296745423,-0.22369097959942183,2.9955555555555553,37.92175582990389,72.34471166793634,2
56,2017-08-02,66.34203174603176,271.37734487734485,2.3540894660894662,9.146666666666667,77.75166666666667,0.0,-1.872917491651534,0.4958999675949854,0.7491555555555558,116.41220820865827,29.64808184672815,2
57,2018-08-22,64.2187037037037,233.50555555555556,3.7274074074074073,12.066666666666665,83.8887037037037,0.0,-2.8774286634170205,-1.427162613666096,2.862222222222222,77.99117283950606,67.23035443987195,2
58,2017-04-05,61.81260504201682,225.78857855869623,0.9769467787114845,7.506666666666668,30.76946778711485,0.0,-0.3469411703919389,-0.2813225715548134,10.185955555555557,176.14657259987496,606.3172276095996,2
59,2018-07-18,62.83166666666665,254.07037037037034,4.681481481481481,13.133333333333333,84.64111111111112,0.0,-4.236911627977477,-1.1121277031114847,3.4488888888888893,3.6128463648834046,5.990181078087711,2
60,2018-05-02,57.69573015873018,243.51449735449737,4.328476190476191,12.533333333333333,80.77253968253969,0.0,-3.5603081453609455,-0.7777600384701614,2.9155555555555552,140.13025677892568,61.76070739725888,2
61,2018-11-03,64.11122222222222,124.70555555555558,0.22999999999999998,3.2000000000000006,76.56,0.0,-0.21446588897422944,0.07991607326211063,4.159999999999999,9903.341311728394,34027.77695374486,2
62,2018-04-25,56.76118357487923,232.18731884057968,5.310893719806764,13.773333333333332,78.82705314009662,0.0,-3.979348017044883,-1.2389012310454057,1.8259555555555556,253.2748301302247,168.02790533181266,2
63,2018-01-27,55.23553652466696,206.87103174603178,1.526771336553945,5.0,73.09266578831797,0.0,-0.716279884172499,-1.0056396152596743,0.6666666666666666,401.94794816074574,402.2777089573828,2
64,2019-03-21,39.3,185.25,1.6500000000000001,3.7500000000000004,61.725,0.0,-1.518833008196643,-0.6447063620070279,1.1718749999999991,2859.796875,2681.0595703124973,2
65,2017-08-16,64.5327657004831,254.68007246376814,5.492318840579711,15.133333333333333,79.19021739130436,0.0,-4.985547763357087,-1.6435630214925936,3.0155555555555558,12.812495099068826,29.671028347219174,2
66,2017-07-05,64.82738901621254,247.69808335455392,2.769611238434768,10.666666666666666,73.64423902894491,0.0,-2.2805061370868573,-0.7440071088124959,2.222222222222222,47.68985604699113,40.38007429333645,2
67,2018-10-17,58.75314814814815,235.36296296296294,2.675925925925926,10.866666666666667,86.8611111111111,0.0,-2.332907309891619,-0.6644512396612189,1.182222222222222,994.1780315500682,2288.872574469336,2
68,2019-07-17,65.33305555555556,265.33611111111117,3.3588888888888886,9.266666666666666,79.81777777777778,0.0,-2.95678212766189,0.29968397556809284,0.9955555555555554,636.1288117283948,1076.739153255601,2
69,2019-05-29,64.49962962962962,220.0592592592593,3.2129629629629632,10.133333333333335,72.51481481481481,0.0,-1.7909032685163007,-1.533325001383578,1.448888888888889,1688.7758093278464,2266.7652095767967,2
70,2018-04-18,55.711908212560395,229.42004830917872,4.837198067632851,13.666666666666666,65.02729468599033,0.0,-3.6334873560103973,-1.8793246925505247,2.6222222222222222,86.77385128591102,65.6937532563531,2
71,2017-03-29,64.33786702481582,216.2491758266525,2.0606382940272883,11.799999999999999,68.82240759451385,0.0,-1.2484596463511821,-1.1372186957926391,21.226666666666667,145.9311220293297,1143.300275157804,2
72,2018-05-16,59.72483091787438,237.48695652173913,5.653140096618357,15.733333333333334,81.00954106280194,0.0,-4.686013494151646,-2.166360489947679,2.062222222222222,78.86600819155643,81.06152480571323,2
73,2018-08-15,64.9151851851852,233.99444444444444,5.861296296296295,17.333333333333332,84.87611111111111,0.0,-4.967552860988216,-2.277329381786523,11.02222222222222,121.3881893004115,1287.5078154549599,2
74,2019-03-16,62.3112962962963,223.4759259259259,2.305555555555556,10.666666666666666,63.77962962962963,0.0,-1.7430534165314195,-0.8611610128406303,7.422222222222222,910.1333196159121,7242.017477051258,2
75,2019-05-08,59.546481481481486,250.2611111111111,5.592592592592593,16.133333333333333,81.93148148148147,0.0,-5.000630495210235,-1.5634565883143117,2.5155555555555558,62.155329218107035,85.18266677640605,2
76,2017-08-09,64.21203071083507,201.39971014492755,1.9409886128364386,11.173333333333332,80.21654589371981,0.0,-0.7843857912718374,-1.3906073737800881,1.028622222222222,61.745923041377786,72.55334431409447,2
77,2017-01-28,53.789346362172445,251.6023276240668,1.0897745571658615,7.68888888888889,64.35853096179183,0.0,-0.963792451057326,-0.41969703754394017,0.1343209876543209,28.786246880020173,2.4756849868201436,2
78,2018-06-20,63.06129629629629,219.45259259259262,4.189814814814814,13.266666666666666,74.75740740740741,0.0,-2.28587028902364,-1.7563321020587586,1.5288888888888887,173.02119698216742,97.3766305215263,2
79,2018-09-19,67.52777777777779,256.8740740740741,1.1992592592592592,5.733333333333334,66.42407407407407,0.0,-0.9184657141833616,0.06546309051889614,3.262222222222222,117.73239368998624,247.02056864705605,2
80,2018-06-13,73.65314814814815,200.4537037037037,2.3757407407407407,8.533333333333333,59.73333333333334,0.0,-0.3272106685058747,-1.2590967427881405,1.722222222222222,1249.9258916323734,1048.9649181578013,2
81,2017-03-04,56.731803542673106,232.67934782608697,3.031702898550725,13.555555555555555,79.23087761674718,0.0,-2.292355580831136,-1.6205428768058685,7.580246913580248,97.94542025484843,794.3355551287171,2
82,2017-08-30,67.83116161616162,199.96969696969697,1.2593434343434342,5.079999999999999,64.45530303030303,0.0,-0.48918332731549796,-0.5042679372247044,6.689600000000001,838.9526400367312,5635.300242812368,2
83,2017-03-11,59.544826892109505,261.7740835464621,1.4466586151368759,7.333333333333333,78.89774557165862,0.0,-1.3147404975754866,-0.18817209167125093,0.888888888888889,51.44857853009379,14.484571924704,2
84,2019-07-10,67.21484126984127,215.76984126984124,4.573769841269841,13.466666666666669,78.09019841269841,0.0,-2.805266369722189,-2.856300677343752,5.848888888888889,95.80084876543214,319.5279683514836,2
85,2017-06-07,59.16824089635853,238.2630777310924,3.0832492997198884,13.200000000000001,83.85551820728291,0.0,-2.3598275167726763,-1.195829680958857,5.759999999999999,18.450507508150327,44.66215941497931,2
86,2018-05-09,63.293067632850246,225.7756843800322,4.201690821256038,13.733333333333334,74.13562801932368,0.0,-3.1266772768662547,-1.7389057869000404,6.328888888888888,25.87108129063039,139.80071235885046,2
87,2018-05-30,58.01027777777778,223.32500000000002,9.549999999999999,26.2,76.76666666666667,0.0,-6.846100212053785,-3.879951085446527,1.493333333333333,258.7639351851854,35.01820629629629,2
88,2017-07-19,69.23727173697763,200.60659876071642,1.8495953937130407,8.413333333333332,60.10952833658717,0.0,-0.3045684330888072,-1.0620746511893187,1.5598222222222227,1415.8008049028601,1326.1726295158128,2
89,2018-02-17,60.02137618010167,252.1700708061002,2.2378146073244114,8.444444444444445,59.50146799460524,0.0,-1.7213193774073574,0.1843958588309095,2.615802469135802,89.45099466877645,115.08812516340952,2
90,2018-08-08,61.72314814814814,267.1666666666667,2.955185185185185,9.533333333333333,82.80925925925925,0.0,-2.4925639392019385,0.11719165323357916,1.8488888888888886,276.16769547325066,91.4053091906721,2
91,2019-07-03,65.82055555555556,229.5222222222222,3.8685185185185182,11.4,71.55740740740741,0.0,-2.757817447877915,-1.7278334044631312,1.0399999999999998,712.6352057613168,1411.5350921810693,2
92,2018-09-05,59.899485754985754,241.15908831908834,3.8765712250712245,12.200000000000001,85.05193162393164,0.0,-3.24113001240269,-1.525449935156926,1.76,125.77063134552488,174.9264058357812,2
93,2018-06-06,60.206111111111106,220.91666666666666,6.658333333333334,19.666666666666668,82.575,0.0,-4.520198210342764,-2.780416980933536,0.8888888888888888,254.96527777777783,188.64646090534973,2
94,2017-03-15,57.35067036966302,223.8829329004329,2.0007929717341484,11.666666666666666,83.17186168406757,0.0,-1.0590208277325048,-0.8283799245693243,3.5555555555555554,38.044939589072605,50.040827754194446,2
95,2019-03-13,62.74696969696969,308.30151515151516,3.4292929292929295,6.733333333333333,41.3979797979798,0.0,-2.4820913846385144,2.1687147199788837,6.062222222222222,86.77459595959596,304.96527956467,2
96,2018-05-23,59.063671497584544,232.8937198067633,4.633816425120773,12.933333333333335,78.5135265700483,0.0,-3.5262941368330165,-1.5780444135775944,1.3955555555555554,23.31827113818294,22.104185716076163,2
97,2018-12-08,57.39567901234568,214.91666666666666,1.722222222222222,6.777777777777779,72.34876543209876,0.0,-0.4973032527408037,-0.6773716167227238,0.617283950617284,1797.7186213991765,1412.827989254685,2
98,2018-01-20,52.282749597423525,253.1059581320451,2.4818840579710146,7.888888888888888,63.34037842190016,0.0,-1.557902617295639,1.1629653657246422,0.09876543209876543,959.8661355898366,40.4593526779369,2
99,2018-12-29,54.30833333333334,199.91666666666666,1.3117283950617287,4.0,50.987654320987666,0.0,-1.0648173697289518,-0.41248567558628196,1.3333333333333333,2428.2150205761313,2385.6435185185182,2
100,2017-02-25,51.399838969404186,263.9678743961353,1.268377616747182,8.522222222222224,65.06038647342994,0.0,-1.1642929596227443,-0.06912524579506572,6.541728395061728,325.3765810170598,3147.061946634196,2
101,2019-06-19,61.5837037037037,254.07037037037037,4.7444444444444445,14.600000000000003,87.35370370370372,0.0,-4.279146027510619,-0.9428128103171854,4.64,18.856776406035618,43.69152164609047,2
102,2017-05-03,65.9875,284.72777777777776,1.7869444444444442,8.2,70.85277777777777,0.0,-1.3845959619300674,0.8548062824411403,3.4133333333333336,189.53955246913577,260.64699648148127,2
103,2018-09-26,58.037777777777784,254.15185185185183,3.9472222222222224,13.6,91.53111111111112,0.0,-3.4268110383318935,-0.43074760483230956,3.84,116.33403978052151,359.20504439872144,2
104,2017-06-21,64.1176416337286,257.81347010477447,2.3870882740447956,10.066666666666666,76.0068511198946,0.0,-1.90502821326046,-0.3146805209459809,2.7288888888888887,79.70216456057783,107.05216865885951,2
105,2017-04-26,59.296222222222234,235.61513888888885,2.529333333333333,13.6,88.28040404040404,0.0,-2.161593284081534,-1.087868036994799,0.9066666666666666,29.105699344135775,16.823422177006247,2
106,2018-11-17,56.22095044649392,193.3564814814815,1.4421204801639584,5.555555555555556,71.12768994290734,0.0,-0.9812644766788786,-0.6605504306345077,4.91358024691358,2859.398191015089,14180.913270142722,2
107,2019-05-15,59.20908994708995,158.033544973545,6.348888888888889,17.933333333333334,90.03656084656085,0.11718677248677249,2.239529977658061,-5.573480302264759,3.5288888888888894,71.22795829903978,128.17487614978197,2
108,2018-08-01,64.66707589855865,195.01525269111474,2.62994490056559,8.8,75.27375387702973,0.0,-0.5866368254866435,-1.7866196929067308,2.9599999999999995,638.643470229761,1211.9827879035367,2
109,2018-07-11,63.372407407407394,265.30370370370366,4.42037037037037,12.933333333333332,84.3588888888889,0.0,-3.97479163228585,-0.19153731285175757,1.5288888888888887,29.11794924554189,38.36188393435962,2
110,2017-05-17,63.00299516908213,249.17326272761053,2.085350241545894,10.333333333333334,56.26237922705314,0.0,-1.689427671038435,-1.0155998444814072,10.222222222222221,65.43881025511214,318.30752740282594,2
111,2018-10-10,60.01166666666668,250.18703703703704,2.653703703703704,9.0,84.08333333333333,0.0,-2.3784683178421733,-0.5523197864759339,2.7999999999999994,98.99582990397795,297.4949051668951,2
112,2019-05-22,66.28981481481482,229.02962962962962,2.412962962962963,10.0,70.38148148148149,0.0,-2.003311043200972,-0.7758569288961866,12.666666666666666,978.7625994513031,5981.535420027431,2
113,2019-04-03,57.60277777777778,265.89444444444445,2.8666666666666667,5.6000000000000005,83.43888888888888,0.0,-2.776278416948261,-0.18325201310172004,1.04,5.374043209876517,3.0925162139917552,2
114,2017-08-23,61.9364734299517,248.39400966183572,2.728369565217392,10.746666666666664,86.68115942028986,0.0,-2.5380533458199204,-1.033168790524827,1.6531555555555564,10.996739489836393,10.421792674014476,2
115,2019-03-27,58.31666666666666,261.0222222222222,4.783333333333333,9.333333333333334,74.97222222222223,0.0,-4.677517108889713,-0.5969609890158963,1.822222222222222,49.22913580246908,57.036474119798534,2
116,2017-07-26,63.238497071555884,243.44580086580083,3.3478905016552076,13.4,79.34369578134284,0.0,-2.583657986134473,-0.7831157716541425,3.0399999999999996,34.56651310158815,67.7808669530969,2
117,2017-06-28,62.924347968028805,236.80045367556002,2.1316080153101424,9.4,72.85420240909603,0.0,-1.5043338864353581,-0.8695222273457474,2.373333333333333,107.91712219356218,266.11410903248907,2
118,2019-04-17,61.22629629629629,267.69814814814816,2.8166666666666664,9.333333333333334,73.87592592592593,0.0,-2.537772745143533,0.09664955966506134,3.2888888888888896,14.17673525377237,10.815714210232223,2
119,2018-10-31,64.7209692982456,147.8969298245614,0.3447368421052632,2.4,67.34337719298246,0.0,-0.12352824558823589,-0.22355234272771884,3.84,1381.5326961372728,4349.8513603169185,2
120,2018-02-10,62.80793650793651,259.33546798029556,2.9663492063492067,9.277777777777777,56.11428571428571,0.0,-2.1882905891217947,0.9460168782005557,2.597283950617283,492.69915212696225,1193.312774395855,2
121,2017-03-22,57.03732212885154,252.507731092437,4.703759103641457,17.533333333333335,64.0490756302521,0.0,-3.730931078444703,-0.19443074635302293,10.782222222222222,197.5524471623945,840.1287921189019,2
122,2019-05-01,60.83425925925926,251.02407407407406,3.214814814814815,12.066666666666665,78.19074074074074,0.0,-2.913583581932084,-0.7266222781834961,9.262222222222222,56.2093484224965,303.5004129086006,2
123,2018-06-27,58.136905615292704,212.95028161802352,3.346564430790238,12.366666666666667,83.95625362689877,0.0,-1.462668451754076,-1.7929846813123842,0.8822222222222221,116.50483325376236,89.61333283030554,2
124,2017-04-19,62.44834733893558,248.49345588235295,1.4085378151260504,10.533333333333333,73.57899159663866,0.0,-1.2419017643634402,-0.02212059864456689,11.182222222222222,49.865532316897294,263.533285287069,2
125,2018-04-04,56.549656395891695,241.49058361695936,3.0443625894802366,13.839999999999998,80.47462496109554,0.0,-2.496389748936415,-0.8903959749586429,10.171733333333334,113.4401201162927,655.0055268405735,2
126,2017-05-10,57.516543417366954,237.5726050420168,4.025008403361345,15.066666666666668,74.9690756302521,0.0,-3.3210321619136955,-1.180507883818121,0.728888888888889,37.728732227008464,18.483236754223807,2
127,2019-07-23,66.47361111111111,235.64027777777778,5.77763888888889,18.953333333333333,77.77527777777777,0.0,-2.9313356835452837,-3.8265029886395596,3.2171555555555553,453.5878742283951,1793.204834957968,2
128,2018-03-28,67.47614939309057,233.55939824205544,1.6831758481170247,9.193333333333333,57.49723000311235,0.0,-1.2140492269659164,-0.48044196191567606,18.616622222222222,99.20157066636311,1839.4710865787883,2
129,2018-03-10,54.50458937198068,254.98677248677254,0.7115539452495975,5.0,94.67451690821257,0.0,-0.5499909784969822,-0.17453766222336242,0.6666666666666666,35.03979752632954,12.003811602978011,2
130,2017-05-31,60.724151260504215,195.49459977930567,2.8490756302521003,13.6,85.4715406162465,0.0,-1.226211909175392,-0.9395257193906148,35.04,1129.7567960647639,32217.711964751274,2
131,2019-06-05,68.85519323671498,239.0114734299517,2.806642512077295,7.199999999999999,65.69384057971016,0.0,-1.9389618037246465,-0.8024959984765014,1.0933333333333335,818.5966597820255,235.47271958836095,2
132,2017-04-12,62.284969187675074,202.7378711484594,2.8070980392156866,19.2,62.38005602240896,0.0,-1.055244562665765,-2.1774247488022724,2.56,46.90349979678137,113.31923427089174,2
133,2019-06-12,65.97685185185185,268.7833333333333,4.10925925925926,12.399999999999999,80.4462962962963,0.0,-3.8827357728576053,0.041740476074083176,7.839999999999999,15.667098765432065,79.14896304526754,2
134,2018-10-03,65.63111111111111,255.31111111111113,3.766666666666666,13.933333333333335,89.07962962962962,0.0,-3.2787384105672164,-0.4511206441885447,8.862222222222222,75.66493827160501,533.9806607864662,2
135,2018-09-12,63.15055555555555,199.93148148148148,2.164444444444445,11.33333333333333,77.70314814814814,0.0,-1.242043050465597,-1.114126423289304,5.688888888888889,576.3127434842249,2051.5946026571146,2
136,2019-07-25,61.074444444444445,262.6569444444445,6.5822222222222235,19.599999999999998,87.37875000000003,0.0,-4.8970438510105305,-1.9787992308557503,2.2933333333333334,21.664459876543305,39.440640212191596,2
137,2018-11-10,58.54760562840273,134.62948585231194,0.25545395291772105,3.6666666666666665,40.742034736599955,0.0,-0.010511465265371042,-0.19293985651128112,0.888888888888889,1624.6971248011826,1670.9878591288486,2
138,2019-07-24,67.95958333333333,256.8361111111111,4.963333333333334,18.646666666666665,74.06333333333335,0.0,-2.19268092775073,-1.7754243184608678,2.201155555555555,63.1892283950618,8.638783712082796,2
139,2018-07-25,66.345,243.8425925925926,3.0850000000000004,9.6,78.16314814814815,0.0,-2.5992039365280246,-0.846492452792304,5.44,260.10562414266116,688.846657704618,2
140,2018-12-01,54.83271604938272,277.3333333333333,3.2901234567901234,14.222222222222221,80.56172839506173,0.010987654320987658,-2.860249115658675,0.9130717702283199,15.50617283950617,63.088991769547334,794.3375254731997,2
141,2018-07-04,61.562222222222225,257.34999999999997,5.347592592592593,13.533333333333331,80.23962962962963,0.0,-4.995932179059655,-0.995284683306607,2.782222222222222,2.786502057613172,2.8944919067215245,2
142,2019-02-09,50.181790123456786,167.00617283950618,3.425925925925926,12.111111111111112,84.03395061728395,0.03141975308641976,1.0178628002863996,-2.8035726409472073,7.2098765432098775,375.8516422801401,3963.394724368201,2
143,2017-06-14,69.17902223592695,248.40571079278757,2.0288428409908525,9.733333333333333,55.62025490800699,0.0,-1.4668047947659586,-0.10832948357580006,5.795555555555556,187.57877201725918,689.6293997884795,2
144,2018-12-22,53.32253086419754,239.57407407407405,1.2006172839506173,5.0,76.03395061728395,0.0,-0.9795235376366276,-0.078630761076234,0.6666666666666666,921.0876200274353,934.3849133770259,2
145,2019-02-23,52.77222222222222,214.84876543209876,1.867283950617284,7.000000000000001,65.21296296296296,0.0,-1.2206066275420426,-0.7209699150123238,1.3333333333333333,1140.2889422344153,3045.2840808057713,2
146,2018-04-11,55.680672268907564,219.2661218970347,4.582000000000001,16.533333333333335,80.65084033613446,0.015040336134453783,-1.6552686425698984,-2.026337330894607,2.9155555555555552,1610.4453109017402,1153.9540917327254,2
147,2019-03-20,57.070740740740725,252.34444444444443,4.092592592592593,10.4,75.2388888888889,0.0,-3.8349149742941724,-0.9963450456664372,8.373333333333333,65.52343621399176,375.46182823045257,2
148,2018-10-24,62.495554614467665,160.33635736244435,0.7995388669301713,6.6000000000000005,84.25288286592634,0.0,-0.39566767505335515,-0.3621215899742454,7.84,1737.430038292714,11149.963030018762,2
149,2019-04-24,64.4814074074074,275.9956084656084,2.633809523809524,8.000000000000002,70.82285714285713,0.0,-2.1688062778710884,0.7359818813564568,3.3333333333333335,379.3965987962265,1080.0954337939772,2
150,2017-07-12,60.267523809523794,251.23112978524742,3.591965028435617,12.333333333333334,79.77479500891268,0.0,-3.0356483574462465,-0.6618291034762894,3.555555555555556,178.75055696387503,187.69591480267295,2
151,2019-04-10,66.90833333333333,263.9222222222222,3.3888888888888893,8.200000000000001,51.219444444444434,0.0,-2.568790333703862,0.8533389101562233,7.760000000000001,354.4988117283952,1155.301877942389,2
152,2019-01-12,59.239506172839505,128.679012345679,1.388888888888889,6.333333333333333,73.25617283950618,0.0,0.7141783330822822,-0.5456135954360332,6.888888888888888,330.3134621246763,1560.9360800007287,2
153,2017-05-24,58.92774789915967,236.31512605042016,4.679070028011204,18.133333333333336,76.87193277310924,0.0,-3.8055325766390538,-1.4242793751684204,1.5822222222222224,172.82528211284514,184.52650273808914,2
154,2019-01-26,66.18518518518519,202.52777777777774,2.25,7.111111111111112,38.638888888888886,0.0,-0.16655727201423112,0.4356417306473987,1.6543209876543212,677.5987654320983,677.8275970133559,2
155,2019-06-26,63.38296296296296,254.63148148148147,8.037037037037036,20.533333333333335,79.00555555555556,0.0,-7.38243555240926,-2.0191673894526354,4.115555555555555,10.39727023319613,15.276235481379748,2
