,course_id,cumgame_coeff,intercept,mse,n_value,nomatch,player,precip_coeff,prediction_score,wind_coeff
0,0,,,,,1.0,Ben Horst,,,
1,1,,,,,1.0,Ben Horst,,,
2,2,-0.0,68.11111111111111,16.32098765432099,9.0,,Ben Horst,0.0,0.0,0.0
3,0,,,,,1.0,Bob Montes,,,
4,1,0.0,52.6,6.639999999999999,5.0,,Bob Montes,0.0,0.0,-0.0
5,2,-0.0,55.04347826086956,12.00928191684789,23.0,,Bob Montes,0.41330218616208164,0.1394052920600739,0.4895246148897989
6,0,0.0,51.0,3.272727272727273,11.0,,Dennis Warsen,0.0,0.0,1.4782535628248553e-17
7,1,-0.0,57.142857142857146,13.767399164364504,14.0,,Dennis Warsen,0.6319971323787941,0.1460727100584043,-0.0
8,2,-0.0,54.35849056603774,14.754300855575353,53.0,,Dennis Warsen,0.0,0.07369292603569,0.5623834461328651
9,0,,,,,1.0,Gonzalo Arestizabal,,,
10,1,0.0,65.0,12.5,8.0,,Gonzalo Arestizabal,0.0,0.0,0.0
11,2,-0.250541156103371,63.142857142857146,7.585578361959652,21.0,,Gonzalo Arestizabal,0.0,0.08749589262842161,0.42874801002021146
12,0,,,,,1.0,Greg Mann,,,
13,1,,,,,1.0,Greg Mann,,,
14,2,,63.5,,,,Greg Mann,,,
15,0,,,,,1.0,Gregg LaComb,,,
16,1,,,,,1.0,Gregg LaComb,,,
17,2,,59.5,,,,Gregg LaComb,,,
18,0,,53.0,,,,Jon Braidman,,,
19,1,-0.0,56.81818181818182,10.365938607349749,11.0,,Jon Braidman,0.0,0.12042175912389919,-0.5377043563128884
20,2,-1.064292094575894,56.458333333333336,11.678032275013353,24.0,,Jon Braidman,0.0,0.2885725446422326,0.8750355569913384
21,0,,,,,1.0,Juan Fielding,,,
22,1,,,,,1.0,Juan Fielding,,,
23,2,0.0,54.0,3.0,6.0,,Juan Fielding,0.0,0.0,-2.1872190304915338e-17
24,0,,,,,1.0,Matt Rowe,,,
25,1,,58.0,,,,Matt Rowe,,,
26,2,0.2361808372564147,57.06666666666667,12.516982703758154,15.0,,Matt Rowe,0.0,0.12645126912357763,-0.562775389181884
27,0,,55.5,,,,Nelson Vasquez,,,
28,1,1.2303240842927792,57.0,0.017874771235793372,3.0,,Nelson Vasquez,0.0,0.9932969607865775,-0.35792323828963707
29,2,-0.0,58.84615384615385,8.591715976331361,13.0,,Nelson Vasquez,0.0,0.0,0.0
30,0,,,,,1.0,Pete D'Agostino,,,
31,1,,62.0,,,,Pete D'Agostino,,,
32,2,-0.0,61.57575757575758,16.8438107915525,66.0,,Pete D'Agostino,0.15072121845827527,0.023222218861458255,0.0
33,0,,,,,1.0,Scott Badovick,,,
34,1,0.0,53.666666666666664,14.888888888888891,3.0,,Scott Badovick,-2.433246493091163e-17,0.0,0.0
35,2,,55.0,,,,Scott Badovick,,,
36,0,,,,,1.0,Steve Keller,,,
37,1,-0.8825072758206879,57.666666666666664,8.166197312508228,3.0,,Steve Keller,0.0,0.5961770559748679,1.1916356496389102
38,2,,59.5,,,,Steve Keller,,,
39,0,,,,,1.0,Steve Willis,,,
40,1,-0.9871034224528515,56.5,6.149414297574235,8.0,,Steve Willis,-0.05898395022345115,0.46526832195006657,1.035213152650012
41,2,-0.055614613786897055,55.22222222222222,11.371128191724956,72.0,,Steve Willis,1.0541284053407594,0.2920358312607829,1.0446250146691787
42,0,,,,,1.0,Tim Smith,,,
43,1,,,,,1.0,Tim Smith,,,
44,2,,58.0,,,,Tim Smith,,,
45,0,0.12576647477813716,54.25,2.992029050579899,4.0,,Toby Parks,0.0,0.5525937868291739,1.011931250935887
46,1,1.4071768255143458e-17,52.714285714285715,8.918367346938775,14.0,,Toby Parks,-0.0,0.0,0.0
47,2,0.0,51.0,12.588235294117647,34.0,,Toby Parks,-0.0,0.0,3.513399689757638e-17
48,0,-0.10245698071562984,54.22222222222222,8.247717452819348,9.0,,Vince Mardigras,0.08143297016268725,0.18924136689518534,-0.7114103964658272
49,1,,61.0,,,,Vince Mardigras,,,
50,2,,57.5,,,,Vince Mardigras,,,
51,0,,,,,1.0,Will Roller,,,
52,1,,55.0,,,,Will Roller,,,
53,2,-0.06206930899325803,54.577777777777776,14.44851550302425,45.0,,Will Roller,-0.0,0.1717177020262682,1.399462587588484
54,0,,,,,1.0,Anni Kreml,,,
55,1,,,,,1.0,Anni Kreml,,,
56,2,0.0,60.32142857142857,9.78954081632653,28.0,,Anni Kreml,0.0,0.0,0.0
57,0,,59.0,,,,Case Conover,,,
58,1,-0.0,58.4,7.839999999999999,10.0,,Case Conover,0.0,0.0,-0.0
59,2,-0.9176690564741009,56.526315789473685,6.993816363396392,57.0,,Case Conover,-0.07089294533936569,0.20304049646903488,0.9959061861941022
60,0,,,,,1.0,David Welty,,,
61,1,0.4861917242715834,55.5,1.4938309921737303,4.0,,David Welty,-0.582186892849699,0.7939543459070717,-1.0089574425212617
62,2,2.7361881058921273e-17,56.166666666666664,10.472222222222223,6.0,,David Welty,0.0,0.0,0.0
63,0,,,,,1.0,Kevin Couch,,,
64,1,,,,,1.0,Kevin Couch,,,
65,2,-0.22738028445842762,52.166666666666664,11.137648618357149,24.0,,Kevin Couch,-0.0,0.043065989830889384,0.0
66,0,,,,,1.0,Scott Riley,,,
67,1,-0.0,54.54545454545455,12.479547046490278,11.0,,Scott Riley,-0.0,0.01046841898733697,0.08246659058377667
68,2,0.0,54.4390243902439,16.283650679535647,41.0,,Scott Riley,0.0,0.006647670478319823,0.03288468009217958
69,0,,,,,1.0,Conner Russell,,,
70,1,,,,,1.0,Conner Russell,,,
71,2,-2.5220229366594342,65.0,7.927545801800676,22.0,,Conner Russell,0.7452435640549893,0.52607063141409,1.1087994628890132
72,0,1.2337715807363316,60.5,0.003639809001908252,4.0,,David Falzone,0.2327728806353473,0.999143574352492,1.5390253928990547
73,1,0.0,59.2,6.959999999999999,5.0,,David Falzone,-0.0,0.0,0.0
74,2,-0.0,59.77777777777778,5.950617283950617,9.0,,David Falzone,0.0,0.0,0.0
75,0,-0.3566994642187707,49.2,3.496507974461944,5.0,,Jeff Fiedler,0.0,0.15949327536972524,0.08106584808468233
76,1,-0.0,51.0,0.0573175107524502,3.0,,Jeff Fiedler,-3.1675328686585753,0.9954749333616487,-0.331791559979249
77,2,-0.28461091848611725,53.86666666666667,8.887480923298405,30.0,,Jeff Fiedler,0.860633414174245,0.13843894539330415,-0.23312425685628285
78,0,,,,,1.0,Joe Wharton,,,
79,1,,,,,1.0,Joe Wharton,,,
80,2,0.0,56.63333333333333,7.765555555555556,30.0,,Joe Wharton,0.0,0.0,-0.0
81,0,,,,,1.0,Ari Freedman,,,
82,1,0.5247607407800804,56.75,3.220065910443763,4.0,,Ari Freedman,0.0,0.6987072832333321,-1.979190340926665
83,2,1.110734353965051,58.64,11.07926017049515,25.0,,Ari Freedman,0.25338596424705195,0.1989197586118152,0.8627740529329158
84,0,,,,,1.0,Peter Sontag,,,
85,1,0.0,49.5,4.25,4.0,,Peter Sontag,-0.0,0.0,0.0
86,2,0.8783208811059129,52.3125,5.973441432537384,16.0,,Peter Sontag,-0.0635244944155884,0.6911329010847161,3.515302025780606
87,0,,,,,1.0,AJ Jaussaud,,,
88,1,,,,,1.0,AJ Jaussaud,,,
89,2,-1.7845707769140102,56.18181818181818,11.978288289844324,11.0,,AJ Jaussaud,0.0,0.42621817772321335,1.5386591048973297
90,0,,,,,1.0,Aaron Hesterman,,,
91,1,,,,,1.0,Aaron Hesterman,,,
92,2,,60.0,,,,Aaron Hesterman,,,
93,0,,62.0,,,,Aaron Kirby,,,
94,1,,62.5,,,,Aaron Kirby,,,
95,2,-0.0,64.875,32.98490453330443,8.0,,Aaron Kirby,0.0,0.11709163942639754,0.823140629315473
96,0,,,,,1.0,Andy Sommers,,,
97,1,,,,,1.0,Andy Sommers,,,
98,2,,58.5,,,,Andy Sommers,,,
99,0,2.643641336425407,57.166666666666664,2.1669555535267326,6.0,,Bob McGarity,-1.1753263239298013,0.8350731502601217,1.0797261661480926
100,1,-1.9587260445566162e-17,55.45454545454545,9.884297520661157,11.0,,Bob McGarity,-0.0,0.0,0.0
101,2,-1.6577677721345658,58.81818181818182,15.003437274472132,11.0,,Bob McGarity,0.0,0.24168090634455808,0.0
102,0,,59.0,,,,Bryan Hesterman,,,
103,1,-0.0,55.666666666666664,1.5555555555555554,3.0,,Bryan Hesterman,0.0,0.0,1.7197641586939564e-17
104,2,-1.2982364082749458,57.75,6.19614459430434,4.0,,Bryan Hesterman,0.0,0.44615467313480756,-0.0
105,0,,,,,1.0,Chad Inman,,,
106,1,,,,,1.0,Chad Inman,,,
107,2,,61.0,,,,Chad Inman,,,
108,0,,,,,1.0,Chris Basuino,,,
109,1,-1.4327585326067447,52.0,0.01904136527990449,3.0,,Chris Basuino,-0.036469669131652685,0.9968264391200159,0.994663956967718
110,2,,50.0,,,,Chris Basuino,,,
111,0,1.8567496488425965,55.57142857142857,5.518270234302127,14.0,,Chris Isom,1.5436786696684908,0.6239287322937356,0.12066006095110192
112,1,,,,,1.0,Chris Isom,,,
113,2,,53.0,,,,Chris Isom,,,
114,0,,,,,1.0,Curtis Bauer,,,
115,1,,,,,1.0,Curtis Bauer,,,
116,2,,63.0,,,,Curtis Bauer,,,
117,0,,59.0,,,,David Randall,,,
118,1,,,,,1.0,David Randall,,,
119,2,,64.0,,,,David Randall,,,
120,0,0.0,51.30769230769231,8.366863905325447,13.0,,Greg Breazeale,-0.0,0.0,0.0
121,1,,,,,1.0,Greg Breazeale,,,
122,2,-0.0,52.75,8.1875,4.0,,Greg Breazeale,0.0,0.0,-0.0
123,0,,,,,1.0,Jaques Duhon,,,
124,1,,,,,1.0,Jaques Duhon,,,
125,2,,66.0,,,,Jaques Duhon,,,
126,0,-0.0,56.375,2.8998760485473025,8.0,,Joe Kestler,0.3425552226187261,0.2234641543639022,-0.0
127,1,-2.90659397014624,54.0,1.6369662036035728,7.0,,Joe Kestler,0.0,0.907590617538508,-2.4133934992697665
128,2,-1.5283533579394337,58.0,0.5548183701167054,4.0,,Joe Kestler,0.0,0.8767070288629544,-0.27432068167051427
129,0,2.8918736367734423,55.46153846153846,12.517151488186459,13.0,,Matt Neiman,-0.7133809962263106,0.5640151274724832,-2.203566638821843
130,1,,52.5,,,,Matt Neiman,,,
131,2,,50.0,,,,Matt Neiman,,,
132,0,,,,,1.0,Matty Angell,,,
133,1,-0.9381319861580528,56.6,0.08954200912700772,5.0,,Matty Angell,-0.7491473642703058,0.9807021532053863,2.302752460660853
134,2,-0.45598009507184906,54.84375,14.878133731661787,32.0,,Matty Angell,0.0,0.09524265447938296,0.5223823669264386
135,0,-0.0,55.625,3.171478612921092,8.0,,Mike Degnan,0.0,0.2927713197667251,0.7441027521147352
136,1,,,,,1.0,Mike Degnan,,,
137,2,,57.5,,,,Mike Degnan,,,
138,0,,,,,1.0,Nate Lachance,,,
139,1,,,,,1.0,Nate Lachance,,,
140,2,,58.5,,,,Nate Lachance,,,
141,0,0.052854598195754,59.77777777777778,8.313147149547142,9.0,,Nate Stone,0.0,0.16455965370556003,0.6379830344178724
142,1,0.25161058103085376,61.5,0.8166371089315798,4.0,,Nate Stone,-3.4997480999430253,0.9575772930425153,0.0
143,2,,61.0,,,,Nate Stone,,,
144,0,,,,,1.0,Nick Calabrese,,,
145,1,,,,,1.0,Nick Calabrese,,,
146,2,-0.0,54.642857142857146,12.609486165653635,14.0,,Nick Calabrese,0.0,0.0038455104924980388,0.015400750779354645
147,0,,,,,1.0,Harry Snodgrass,,,
148,1,,,,,1.0,Harry Snodgrass,,,
149,2,,65.0,,,,Harry Snodgrass,,,
150,0,,,,,1.0,Brian Fattig,,,
151,1,,,,,1.0,Brian Fattig,,,
152,2,,71.0,,,,Brian Fattig,,,
153,0,,,,,1.0,Matt Wilcox,,,
154,1,,,,,1.0,Matt Wilcox,,,
155,2,,63.0,,,,Matt Wilcox,,,
156,0,,,,,1.0,OV Chad,,,
157,1,,,,,1.0,OV Chad,,,
158,2,,72.0,,,,OV Chad,,,
159,0,,,,,1.0,John Owen,,,
160,1,,,,,1.0,John Owen,,,
161,2,,53.0,,,,John Owen,,,
162,0,,,,,1.0,Rob Sindelar,,,
163,1,,,,,1.0,Rob Sindelar,,,
164,2,,54.5,,,,Rob Sindelar,,,
165,0,,,,,1.0,Rex Crossen,,,
166,1,,,,,1.0,Rex Crossen,,,
167,2,,58.0,,,,Rex Crossen,,,
168,0,,,,,1.0,Daley Stevens,,,
169,1,,,,,1.0,Daley Stevens,,,
170,2,,62.0,,,,Daley Stevens,,,
171,0,,,,,1.0,Jeremey Adelson,,,
172,1,,67.0,,,,Jeremey Adelson,,,
173,2,,,,,1.0,Jeremey Adelson,,,
174,0,,,,,1.0,John Jennings,,,
175,1,-0.0,63.8,14.959999999999999,5.0,,John Jennings,0.0,0.0,0.0
176,2,-0.4294254372123401,62.60606060606061,12.10180581410466,33.0,,John Jennings,0.37888193949629406,0.16079555963066894,0.8370054369040689
177,0,,,,,1.0,Josh Cook,,,
178,1,0.5413378271945833,52.0,0.07424412168097246,4.0,,Josh Cook,0.0,0.9257558783190275,-0.39183557033974403
179,2,,,,,1.0,Josh Cook,,,
180,0,0.0,56.05882352941177,9.937716262975776,17.0,,Luiz Celeste,-0.0,0.0,-0.0
181,1,-0.0,60.0,11.692307692307692,13.0,,Luiz Celeste,-0.0,0.0,0.0
182,2,-0.0,55.285714285714285,6.782129478768002,21.0,,Luiz Celeste,-0.3957329183041213,0.10020484352085168,0.6513276504498742
183,0,,,,,1.0,Matt Petrie,,,
184,1,,65.0,,,,Matt Petrie,,,
185,2,,,,,1.0,Matt Petrie,,,
186,0,,,,,1.0,Paul WIldt,,,
187,1,,64.0,,,,Paul WIldt,,,
188,2,,,,,1.0,Paul WIldt,,,
189,0,,,,,1.0,Peter William Sontag,,,
190,1,1.9036778919265072,51.0,2.2974957614820397,5.0,,Peter William Sontag,2.276229051771868,0.8147180837514484,-0.562240505803217
191,2,,,,,1.0,Peter William Sontag,,,
192,0,,,,,1.0,Tim Zebal,,,
193,1,,64.0,,,,Tim Zebal,,,
194,2,,,,,1.0,Tim Zebal,,,
195,0,,,,,1.0,Arthur Coddington,,,
196,1,-1.7154697610002072,54.57142857142857,6.83706771051061,7.0,,Arthur Coddington,-0.2372510009324324,0.6524726993620126,-3.0401441258000705
197,2,,,,,1.0,Arthur Coddington,,,
198,0,-0.6046328249171756,53.166666666666664,1.8147635746451527,6.0,,Dylan Cantu,3.3466022710692465,0.8980788007999603,-0.0
199,1,-0.3868599586040748,55.333333333333336,10.968547538742813,6.0,,Dylan Cantu,0.0,0.12639886859570526,-0.0
200,2,,54.0,,,,Dylan Cantu,,,
201,0,,,,,1.0,Eric Kraszewski,,,
202,1,-0.0,56.8,9.36,5.0,,Eric Kraszewski,0.0,0.0,0.0
203,2,,,,,1.0,Eric Kraszewski,,,
204,0,1.5486467407085411,69.125,6.257549014383257,16.0,,Hugh Harrell,3.0729099479912496,0.736350798603997,1.248090168681644
205,1,-0.0,76.66666666666667,24.88888888888889,3.0,,Hugh Harrell,0.0,0.0,2.8927550722399244e-17
206,2,,66.0,,,,Hugh Harrell,,,
207,0,-0.0,62.666666666666664,1.3108496496235118,3.0,,Tu Tran,0.0,0.88656108801335,-2.316442269705602
208,1,-0.7460528360544287,66.8,2.6960464179136707,5.0,,Tu Tran,-0.9516427336036206,0.7982001184196355,1.6409597359917107
209,2,,,,,1.0,Tu Tran,,,
210,0,,,,,1.0,Eddy Bigarani,,,
211,1,,60.0,,,,Eddy Bigarani,,,
212,2,,,,,1.0,Eddy Bigarani,,,
213,0,,,,,1.0,Mariano Hernandez,,,
214,1,,69.0,,,,Mariano Hernandez,,,
215,2,,,,,1.0,Mariano Hernandez,,,
216,0,,,,,1.0,Nate Gonzales,,,
217,1,,68.0,,,,Nate Gonzales,,,
218,2,,,,,1.0,Nate Gonzales,,,
219,0,,,,,1.0,Noah Bernhardt,,,
220,1,,62.0,,,,Noah Bernhardt,,,
221,2,,,,,1.0,Noah Bernhardt,,,
222,0,,63.0,,,,Anthony Jaussaud,,,
223,1,,58.0,,,,Anthony Jaussaud,,,
224,2,,,,,1.0,Anthony Jaussaud,,,
225,0,,,,,1.0,Matt Hansen,,,
226,1,0.0,59.166666666666664,5.290968709875305,6.0,,Matt Hansen,0.0,0.03312246926136575,0.17214010371705615
227,2,,61.0,,,,Matt Hansen,,,
228,0,,,,,1.0,Rob Singular,,,
229,1,,68.0,,,,Rob Singular,,,
230,2,,,,,1.0,Rob Singular,,,
231,0,,,,,1.0,Valerie ,,,
232,1,,69.0,,,,Valerie ,,,
233,2,,,,,1.0,Valerie ,,,
234,0,,,,,1.0,Greg Randolph,,,
235,1,,62.0,,,,Greg Randolph,,,
236,2,,59.5,,,,Greg Randolph,,,
237,0,,,,,1.0,Jason Cantero,,,
238,1,,54.0,,,,Jason Cantero,,,
239,2,,,,,1.0,Jason Cantero,,,
240,0,1.1161575800562964,54.0,14.845199926691441,12.0,,Shawn Mercy,0.2697760724409029,0.15170286133191768,0.4143654710311083
241,1,,58.5,,,,Shawn Mercy,,,
242,2,,,,,1.0,Shawn Mercy,,,
243,0,,,,,1.0,Stephen Willis,,,
244,1,,53.0,,,,Stephen Willis,,,
245,2,,,,,1.0,Stephen Willis,,,
246,0,,,,,1.0,Jesse Rudner,,,
247,1,,,,,1.0,Jesse Rudner,,,
248,2,,72.0,,,,Jesse Rudner,,,
249,0,,,,,1.0,Art Coddington,,,
250,1,,,,,1.0,Art Coddington,,,
251,2,,59.0,,,,Art Coddington,,,
252,0,-0.36856570173240044,58.142857142857146,14.75370320417328,14.0,,Daniel Charlip-Blumlein,-0.13747749744119875,0.14547109101124023,0.6279863957116424
253,1,,,,,1.0,Daniel Charlip-Blumlein,,,
254,2,,62.0,,,,Daniel Charlip-Blumlein,,,
255,0,,,,,1.0,Val St. Louis,,,
256,1,,63.0,,,,Val St. Louis,,,
257,2,-5.499177730252921,76.66666666666667,0.00028076377101341176,3.0,,Val St. Louis,0.0,0.9999925240416001,6.021369471568434
258,0,0.0,53.666666666666664,6.764952522818611,6.0,,Beau Griffin,1.0067471244051334,0.3591097609961317,0.0
259,1,,54.0,,,,Beau Griffin,,,
260,2,0.0,54.57142857142857,1.6473553294632386,7.0,,Beau Griffin,0.0,0.839202368239644,2.775469515030452
261,0,0.0,57.8,16.16,10.0,,Jesse Miller,-0.0,0.0,0.0
262,1,-1.5769096065099738e-17,55.75,4.1875,4.0,,Jesse Miller,0.0,0.0,0.0
263,2,-0.0,57.2,7.760000000000001,5.0,,Jesse Miller,0.0,0.0,0.0
264,0,,,,,1.0,Ayton Hesterman,,,
265,1,,108.0,,,,Ayton Hesterman,,,
266,2,,,,,1.0,Ayton Hesterman,,,
267,0,,,,,1.0,Craig Brown,,,
268,1,0.0,66.66666666666667,2.7640854414604063e-05,3.0,,Craig Brown,-1.206442515824695,0.9999974615541865,-2.4624488121435033
269,2,,,,,1.0,Craig Brown,,,
270,0,,,,,1.0,Gordon Kennedy,,,
271,1,,68.0,,,,Gordon Kennedy,,,
272,2,,,,,1.0,Gordon Kennedy,,,
273,0,,,,,1.0,James Bowden,,,
274,1,,82.0,,,,James Bowden,,,
275,2,,,,,1.0,James Bowden,,,
276,0,,61.0,,,,Jamie Kennedy,,,
277,1,,67.5,,,,Jamie Kennedy,,,
278,2,,,,,1.0,Jamie Kennedy,,,
279,0,0.0,49.09090909090909,12.44628099173554,11.0,,Jeff Faes,-0.0,0.0,0.0
280,1,,50.5,,,,Jeff Faes,,,
281,2,,,,,1.0,Jeff Faes,,,
282,0,0.48980256702204955,55.0,4.292039850975246,5.0,,Keek Solorio,1.1554783413363505,0.6844088344871142,0.5848710089282453
283,1,,52.0,,,,Keek Solorio,,,
284,2,,,,,1.0,Keek Solorio,,,
285,0,,,,,1.0,Marc Atkinson,,,
286,1,0.0,71.5,16.916666666666668,6.0,,Marc Atkinson,0.0,0.0,0.0
287,2,,,,,1.0,Marc Atkinson,,,
288,0,,,,,1.0,Mark Farr,,,
289,1,-0.0,62.25,2.4841582116908185,4.0,,Mark Farr,-0.4767304749652759,0.5211261278668302,0.6669186658333902
290,2,,,,,1.0,Mark Farr,,,
291,0,1.6355024446990745,68.75,0.0008558081207405803,4.0,,Michael Infusino,1.8636022117265718,0.9999199243863636,0.32483593465815835
292,1,,63.0,,,,Michael Infusino,,,
293,2,,,,,1.0,Michael Infusino,,,
294,0,,,,,1.0,Pat Humphreys,,,
295,1,,61.0,,,,Pat Humphreys,,,
296,2,,,,,1.0,Pat Humphreys,,,
297,0,,,,,1.0,Peter Ward,,,
298,1,0.0,62.0,3.020410201810959,3.0,,Peter Ward,-0.0,0.8838303768534248,-3.36959485656168
299,2,,,,,1.0,Peter Ward,,,
300,0,,,,,1.0,Steven Johnson,,,
301,1,,59.0,,,,Steven Johnson,,,
302,2,,,,,1.0,Steven Johnson,,,
303,0,,,,,1.0,ThomasHesterman,,,
304,1,,99.0,,,,ThomasHesterman,,,
305,2,,,,,1.0,ThomasHesterman,,,
306,0,,,,,1.0,Nate Tilman,,,
307,1,,,,,1.0,Nate Tilman,,,
308,2,0.0,71.0,44.34249285671688,12.0,,Nate Tilman,0.0,0.01461126985073602,0.06748129292367158
309,0,,,,,1.0,Sidharth Kumar,,,
310,1,,,,,1.0,Sidharth Kumar,,,
311,2,,69.0,,,,Sidharth Kumar,,,
312,0,,,,,1.0,Zac Pape,,,
313,1,,,,,1.0,Zac Pape,,,
314,2,0.0,62.11764705882353,18.45674740484429,17.0,,Zac Pape,-0.0,0.0,1.3412726306052571e-17
315,0,,68.0,,,,Eddie Fitzsimmons,,,
316,1,,62.0,,,,Eddie Fitzsimmons,,,
317,2,,,,,1.0,Eddie Fitzsimmons,,,
318,0,,,,,1.0,Erik Romme,,,
319,1,,62.0,,,,Erik Romme,,,
320,2,,,,,1.0,Erik Romme,,,
321,0,,,,,1.0,Ethan Christman,,,
322,1,,58.0,,,,Ethan Christman,,,
323,2,,,,,1.0,Ethan Christman,,,
324,0,,,,,1.0,Max Shannon,,,
325,1,,66.0,,,,Max Shannon,,,
326,2,,,,,1.0,Max Shannon,,,
327,0,,,,,1.0,Ryan Cox,,,
328,1,1.2384301524643446,64.0,3.4666653313032243,3.0,,Ryan Cox,0.0,0.566666833587097,-0.0
329,2,,,,,1.0,Ryan Cox,,,
330,0,2.4715451845174403,54.4,0.13437157647940057,5.0,,Spencer Churchill,0.6528566569240501,0.9400126890716962,1.556040887955188
331,1,,55.5,,,,Spencer Churchill,,,
332,2,,,,,1.0,Spencer Churchill,,,
333,0,,,,,1.0,Tad Thrower,,,
334,1,,57.5,,,,Tad Thrower,,,
335,2,,,,,1.0,Tad Thrower,,,
336,0,,46.0,,,,Roger Cansler,,,
337,1,1.7731362788523154e-17,57.666666666666664,11.555555555555557,3.0,,Roger Cansler,0.0,0.0,-0.0
338,2,-0.09717895944096581,54.46153846153846,24.118663381154217,13.0,,Roger Cansler,-0.0,0.1553969930760336,0.624660666485605
339,0,0.0,61.0,27.428571428571427,7.0,,Andy Nguyen,-0.0,0.0,0.0
340,1,,68.0,,,,Andy Nguyen,,,
341,2,,61.0,,,,Andy Nguyen,,,
342,0,,,,,1.0,IV,,,
343,1,,63.0,,,,IV,,,
344,2,,,,,1.0,IV,,,
345,0,,,,,1.0,Joe Kestler ,,,
346,1,,57.0,,,,Joe Kestler ,,,
347,2,,,,,1.0,Joe Kestler ,,,
348,0,,,,,1.0,Travis Miranda,,,
349,1,,51.0,,,,Travis Miranda,,,
350,2,,55.0,,,,Travis Miranda,,,
351,0,,,,,1.0,Vince Madigras,,,
352,1,,55.5,,,,Vince Madigras,,,
353,2,,,,,1.0,Vince Madigras,,,
354,0,,,,,1.0,Soki Hagiwara,,,
355,1,,,,,1.0,Soki Hagiwara,,,
356,2,1.9582609974563259,65.6,1.2234094430129452,5.0,,Soki Hagiwara,0.0,0.9164337812149627,5.282732295382404
357,0,,,,,1.0,Aaron Webber,,,
358,1,,75.0,,,,Aaron Webber,,,
359,2,,,,,1.0,Aaron Webber,,,
360,0,,,,,1.0,Adam Smith,,,
361,1,,66.0,,,,Adam Smith,,,
362,2,,,,,1.0,Adam Smith,,,
363,0,,,,,1.0,Case Conover ,,,
364,1,,59.0,,,,Case Conover ,,,
365,2,,,,,1.0,Case Conover ,,,
366,0,0.858396710056237,57.833333333333336,1.0243452126860024,6.0,,Chris Hart,-0.0,0.9052019854583648,2.8650505394195616
367,1,,59.0,,,,Chris Hart,,,
368,2,,,,,1.0,Chris Hart,,,
369,0,,,,,1.0,Dustin Perez,,,
370,1,,62.0,,,,Dustin Perez,,,
371,2,,,,,1.0,Dustin Perez,,,
372,0,,,,,1.0,Erik Mayfield,,,
373,1,,56.0,,,,Erik Mayfield,,,
374,2,,,,,1.0,Erik Mayfield,,,
375,0,,,,,1.0,Greg Brezeale,,,
376,1,,58.0,,,,Greg Brezeale,,,
377,2,,,,,1.0,Greg Brezeale,,,
378,0,,,,,1.0,Greg Brezeale ,,,
379,1,,63.0,,,,Greg Brezeale ,,,
380,2,,,,,1.0,Greg Brezeale ,,,
381,0,,,,,1.0,Jamie Thomas,,,
382,1,,58.0,,,,Jamie Thomas,,,
383,2,,,,,1.0,Jamie Thomas,,,
384,0,,,,,1.0,Jeremy Mirken,,,
385,1,0.0,52.333333333333336,0.888888888888889,3.0,,Jeremy Mirken,0.0,0.0,0.0
386,2,0.0,57.666666666666664,1.5555555555555554,3.0,,Jeremy Mirken,0.0,0.0,1.0816492010683184e-17
387,0,,,,,1.0,Jess Atkinson,,,
388,1,,78.0,,,,Jess Atkinson,,,
389,2,,,,,1.0,Jess Atkinson,,,
390,0,,,,,1.0,Mark Anderson,,,
391,1,-0.0,53.75,25.1875,4.0,,Mark Anderson,0.0,0.0,0.0
392,2,,,,,1.0,Mark Anderson,,,
393,0,,,,,1.0,Matt Neiman ,,,
394,1,,57.0,,,,Matt Neiman ,,,
395,2,,,,,1.0,Matt Neiman ,,,
396,0,,,,,1.0,Mikey Alvarez,,,
397,1,,64.0,,,,Mikey Alvarez,,,
398,2,,,,,1.0,Mikey Alvarez,,,
399,0,0.5513631897046132,55.666666666666664,12.316938987641139,6.0,,Roger Crain,0.26806005444521663,0.1908580227097062,0.4068374134328931
400,1,,59.0,,,,Roger Crain,,,
401,2,,,,,1.0,Roger Crain,,,
402,0,0.06242006634151538,51.2,6.757912165786843,10.0,,Sean Jack,0.09060526679476434,0.05615751874485431,0.07328868009493959
403,1,,62.0,,,,Sean Jack,,,
404,2,,,,,1.0,Sean Jack,,,
405,0,,,,,1.0,Seth Anderson,,,
406,1,,64.0,,,,Seth Anderson,,,
407,2,,,,,1.0,Seth Anderson,,,
408,0,,,,,1.0,Seth Anderson ,,,
409,1,,70.0,,,,Seth Anderson ,,,
410,2,,,,,1.0,Seth Anderson ,,,
411,0,,,,,1.0,Steven Cowboy Johnson,,,
412,1,,61.0,,,,Steven Cowboy Johnson,,,
413,2,,,,,1.0,Steven Cowboy Johnson,,,
414,0,,,,,1.0,Sam Jung,,,
415,1,,,,,1.0,Sam Jung,,,
416,2,,65.0,,,,Sam Jung,,,
417,0,,,,,1.0,Derek James,,,
418,1,,,,,1.0,Derek James,,,
419,2,,68.0,,,,Derek James,,,
420,0,,,,,1.0,Gregg Lacomb,,,
421,1,,,,,1.0,Gregg Lacomb,,,
422,2,-0.0,59.2,12.959999999999999,5.0,,Gregg Lacomb,0.0,0.0,0.0
423,0,,,,,1.0,Ayton Hesterman ,,,
424,1,,101.0,,,,Ayton Hesterman ,,,
425,2,,,,,1.0,Ayton Hesterman ,,,
426,0,,,,,1.0,Brad Hoover,,,
427,1,,60.0,,,,Brad Hoover,,,
428,2,,,,,1.0,Brad Hoover,,,
429,0,,,,,1.0,Brett Buntjer,,,
430,1,,53.0,,,,Brett Buntjer,,,
431,2,,,,,1.0,Brett Buntjer,,,
432,0,,,,,1.0,Carter Aasen,,,
433,1,-0.37415270214054913,69.33333333333333,7.362611588923092,3.0,,Carter Aasen,0.0,0.3628509201893477,0.5748268161907529
434,2,,,,,1.0,Carter Aasen,,,
435,0,,,,,1.0,Eugene Gershtein,,,
436,1,-0.10228363168534707,75.33333333333333,0.06927048708466534,3.0,,Eugene Gershtein,0.0,0.688282808119006,0.1486673546044117
437,2,,,,,1.0,Eugene Gershtein,,,
438,0,,60.0,,,,Jacob Kermish-Wells,,,
439,1,-2.1022360747129012e-17,67.0,18.5,4.0,,Jacob Kermish-Wells,0.0,0.0,-0.0
440,2,,,,,1.0,Jacob Kermish-Wells,,,
441,0,3.3881236248211946,52.285714285714285,3.5036249897583382,7.0,,Jacob Sanderson,-1.3521374070256522,0.7717052865715976,-0.0
442,1,,56.5,,,,Jacob Sanderson,,,
443,2,,,,,1.0,Jacob Sanderson,,,
444,0,1.4812771299654646,53.416666666666664,4.179499854208143,12.0,,Joe Dannels,2.705401227755182,0.6803781311704872,-0.47587250419491883
445,1,,54.5,,,,Joe Dannels,,,
446,2,,,,,1.0,Joe Dannels,,,
447,0,,,,,1.0,Justin Barnard,,,
448,1,,67.0,,,,Justin Barnard,,,
449,2,,,,,1.0,Justin Barnard,,,
450,0,,,,,1.0,Nico Grishkoff,,,
451,1,,59.0,,,,Nico Grishkoff,,,
452,2,,,,,1.0,Nico Grishkoff,,,
453,0,,,,,1.0,Thomas Hesterman ,,,
454,1,,97.0,,,,Thomas Hesterman ,,,
455,2,,,,,1.0,Thomas Hesterman ,,,
456,0,,,,,1.0,Valerie St Louis,,,
457,1,,75.0,,,,Valerie St Louis,,,
458,2,,,,,1.0,Valerie St Louis,,,
459,0,,49.0,,,,Christian Eck,,,
460,1,,52.0,,,,Christian Eck,,,
461,2,-0.6525645958312386,49.56,8.552478294099343,25.0,,Christian Eck,0.16361167731792403,0.2631239407482645,0.9114265885091152
462,0,-0.0,59.833333333333336,9.726690952013636,6.0,,Adriano Rothschild,-0.0,0.32790619141556465,-1.5005006271111647
463,1,,58.5,,,,Adriano Rothschild,,,
464,2,,,,,1.0,Adriano Rothschild,,,
465,0,0.0,61.8,2.96,5.0,,Beth Aubuchon,0.0,0.0,-0.0
466,1,,62.0,,,,Beth Aubuchon,,,
467,2,,,,,1.0,Beth Aubuchon,,,
468,0,,,,,1.0,Brad Everett,,,
469,1,,59.0,,,,Brad Everett,,,
470,2,,,,,1.0,Brad Everett,,,
471,0,,67.0,,,,Brant Willis,,,
472,1,,56.0,,,,Brant Willis,,,
473,2,,,,,1.0,Brant Willis,,,
474,0,,,,,1.0,Chris Young,,,
475,1,,55.0,,,,Chris Young,,,
476,2,,,,,1.0,Chris Young,,,
477,0,,,,,1.0,Christian Eck ,,,
478,1,,55.0,,,,Christian Eck ,,,
479,2,,,,,1.0,Christian Eck ,,,
480,0,,,,,1.0,Dan Radosinovich,,,
481,1,,52.0,,,,Dan Radosinovich,,,
482,2,,,,,1.0,Dan Radosinovich,,,
483,0,,,,,1.0,Dan Tarango,,,
484,1,,62.0,,,,Dan Tarango,,,
485,2,,,,,1.0,Dan Tarango,,,
486,0,0.0,59.23076923076923,12.33136094674556,13.0,,Dave McGrath,0.0,0.0,0.0
487,1,,57.0,,,,Dave McGrath,,,
488,2,,,,,1.0,Dave McGrath,,,
489,0,-1.752567600304427,56.875,18.419815430683407,8.0,,John Drago,-0.0,0.3142128053730436,0.5145009302924121
490,1,-0.6781468913547083,59.0,3.0731523721786886,3.0,,John Drago,0.0,0.615855953477664,-0.71031413780638
491,2,,,,,1.0,John Drago,,,
492,0,,,,,1.0,Jordan Brooker,,,
493,1,,46.0,,,,Jordan Brooker,,,
494,2,,,,,1.0,Jordan Brooker,,,
495,0,,,,,1.0,Juan X Bernal,,,
496,1,,53.5,,,,Juan X Bernal,,,
497,2,,,,,1.0,Juan X Bernal,,,
498,0,,72.0,,,,Krystal Ricks,,,
499,1,,75.0,,,,Krystal Ricks,,,
500,2,,,,,1.0,Krystal Ricks,,,
501,0,-0.0,57.25,8.6875,4.0,,Michael Courvoisier,-0.0,0.0,-2.5642183050193353e-17
502,1,,51.0,,,,Michael Courvoisier,,,
503,2,,,,,1.0,Michael Courvoisier,,,
504,0,,,,,1.0,Nick Bang,,,
505,1,,58.0,,,,Nick Bang,,,
506,2,,,,,1.0,Nick Bang,,,
507,0,,,,,1.0,Nick Fitzinger,,,
508,1,,52.0,,,,Nick Fitzinger,,,
509,2,,,,,1.0,Nick Fitzinger,,,
510,0,,,,,1.0,Nick Pantages,,,
511,1,,59.0,,,,Nick Pantages,,,
512,2,,,,,1.0,Nick Pantages,,,
513,0,,,,,1.0,Pat Mortonson,,,
514,1,,62.0,,,,Pat Mortonson,,,
515,2,,,,,1.0,Pat Mortonson,,,
516,0,,,,,1.0,Ralph Mandarano,,,
517,1,,60.0,,,,Ralph Mandarano,,,
518,2,,,,,1.0,Ralph Mandarano,,,
519,0,0.0,62.0,13.77407543136007,11.0,,Sabas Gonzalez,-0.2545680861453359,0.1087362956178779,-0.28463401241966957
520,1,,63.0,,,,Sabas Gonzalez,,,
521,2,,,,,1.0,Sabas Gonzalez,,,
522,0,,,,,1.0,Wilson Linkr,,,
523,1,,55.5,,,,Wilson Linkr,,,
524,2,,,,,1.0,Wilson Linkr,,,
525,0,,,,,1.0,Yulian Kuncheff,,,
526,1,,74.5,,,,Yulian Kuncheff,,,
527,2,,,,,1.0,Yulian Kuncheff,,,
528,0,,,,,1.0,Alex Bruner,,,
529,1,,59.0,,,,Alex Bruner,,,
530,2,-0.8208271728666949,65.5,11.127850611653646,14.0,,Alex Bruner,0.0,0.2966595550196342,2.2271085730696463
531,0,,,,,1.0,Daniel Greenberg,,,
532,1,,,,,1.0,Daniel Greenberg,,,
533,2,,63.0,,,,Daniel Greenberg,,,
534,0,,,,,1.0,Brad Hart,,,
535,1,,,,,1.0,Brad Hart,,,
536,2,,53.5,,,,Brad Hart,,,
537,0,,,,,1.0,George Williams,,,
538,1,,,,,1.0,George Williams,,,
539,2,,69.0,,,,George Williams,,,
540,0,,,,,1.0,Thorin Somers,,,
541,1,,,,,1.0,Thorin Somers,,,
542,2,,56.0,,,,Thorin Somers,,,
543,0,,,,,1.0,Brad from KC,,,
544,1,,,,,1.0,Brad from KC,,,
545,2,,61.0,,,,Brad from KC,,,
546,0,,,,,1.0,David McGrath,,,
547,1,,,,,1.0,David McGrath,,,
548,2,,56.0,,,,David McGrath,,,
549,0,-2.2834446996890123,56.166666666666664,0.3706544603529147,6.0,,Adam Viele,-2.1777754692406637,0.9594420651285565,1.8229995649938855
550,1,,,,,1.0,Adam Viele,,,
551,2,,,,,1.0,Adam Viele,,,
552,0,-0.0,62.75,9.6875,16.0,,Alan Chambless,0.0,0.0,0.0
553,1,,,,,1.0,Alan Chambless,,,
554,2,,,,,1.0,Alan Chambless,,,
555,0,,64.0,,,,Alex Corstorphine,,,
556,1,,,,,1.0,Alex Corstorphine,,,
557,2,,,,,1.0,Alex Corstorphine,,,
558,0,0.0,55.875,13.734375,16.0,,Andy Hale,0.0,0.0,-0.0
559,1,,,,,1.0,Andy Hale,,,
560,2,,,,,1.0,Andy Hale,,,
561,0,-1.0381315575619905,57.421052631578945,18.642926864123005,19.0,,Andy Rothschild,-0.13437316506986843,0.10694047267138995,0.39423276126071977
562,1,,,,,1.0,Andy Rothschild,,,
563,2,,,,,1.0,Andy Rothschild,,,
564,0,0.1876355240023542,60.8,13.20083138001273,10.0,,Angel Diaz,0.33767686198994556,0.48754536568273565,2.521572882615945
565,1,,,,,1.0,Angel Diaz,,,
566,2,,,,,1.0,Angel Diaz,,,
567,0,-0.39959374690010074,52.81818181818182,5.564744812516413,11.0,,Ben Fox,0.029014613898600595,0.12097373065993977,0.12112240139453623
568,1,,,,,1.0,Ben Fox,,,
569,2,,,,,1.0,Ben Fox,,,
570,0,-0.0,60.0,13.777777777777779,9.0,,Bob Wigersma,0.0,0.0,0.0
571,1,,,,,1.0,Bob Wigersma,,,
572,2,,,,,1.0,Bob Wigersma,,,
573,0,-0.0,65.1,10.69,10.0,,Brandon Saker,-0.0,0.0,0.0
574,1,,,,,1.0,Brandon Saker,,,
575,2,,,,,1.0,Brandon Saker,,,
576,0,0.0,60.0,34.0,6.0,,Campbell Smith,-0.0,0.0,-0.0
577,1,,,,,1.0,Campbell Smith,,,
578,2,,,,,1.0,Campbell Smith,,,
579,0,-0.0,64.3076923076923,27.597633136094675,13.0,,Candace Romaine,0.0,0.0,-1.3722961434341057e-17
580,1,,,,,1.0,Candace Romaine,,,
581,2,,,,,1.0,Candace Romaine,,,
582,0,0.0,54.666666666666664,12.888888888888891,12.0,,Chase Lawler,0.0,0.0,-1.615900112239045e-17
583,1,,,,,1.0,Chase Lawler,,,
584,2,,,,,1.0,Chase Lawler,,,
585,0,,58.0,,,,Chris Rogers,,,
586,1,,,,,1.0,Chris Rogers,,,
587,2,,,,,1.0,Chris Rogers,,,
588,0,1.9856776022658785e-17,58.27272727272727,21.107438016528924,11.0,,Chris Vanleemput,0.0,0.0,0.0
589,1,,,,,1.0,Chris Vanleemput,,,
590,2,,,,,1.0,Chris Vanleemput,,,
591,0,0.0,58.111111111111114,12.014882517463327,9.0,,Christian Plevin,-0.0,0.21006048383560938,1.0280374874077742
592,1,,,,,1.0,Christian Plevin,,,
593,2,,,,,1.0,Christian Plevin,,,
594,0,,62.5,,,,Connor Collins,,,
595,1,,,,,1.0,Connor Collins,,,
596,2,,,,,1.0,Connor Collins,,,
597,0,0.0,51.38461538461539,8.08284023668639,13.0,,Cory Murrell,-0.0,0.0,-0.0
598,1,,,,,1.0,Cory Murrell,,,
599,2,,,,,1.0,Cory Murrell,,,
600,0,1.4956817441631356e-17,63.54545454545455,15.702479338842975,11.0,,Craig Bostwick,-0.0,0.0,0.0
601,1,,,,,1.0,Craig Bostwick,,,
602,2,,,,,1.0,Craig Bostwick,,,
603,0,-0.5920053133878037,61.666666666666664,1.86857902002001e-05,3.0,,Dale Ferreira,0.31914944778321536,0.9999879877062999,-0.5283834251649833
604,1,,,,,1.0,Dale Ferreira,,,
605,2,,,,,1.0,Dale Ferreira,,,
606,0,0.0,59.333333333333336,15.722222222222223,12.0,,Daniel Dodell,0.0,0.0,0.0
607,1,,,,,1.0,Daniel Dodell,,,
608,2,,,,,1.0,Daniel Dodell,,,
609,0,-0.0,56.77777777777778,23.004164071963956,9.0,,Daniel Humphreys,0.01268147461618353,0.012016283229543734,0.04358489332086376
610,1,,,,,1.0,Daniel Humphreys,,,
611,2,,,,,1.0,Daniel Humphreys,,,
612,0,2.366553103921037,50.57142857142857,7.805988273719818,14.0,,Danny Kerfeld,-2.222543073735577,0.523669457768031,-0.01689770033389858
613,1,,,,,1.0,Danny Kerfeld,,,
614,2,,,,,1.0,Danny Kerfeld,,,
615,0,0.7370233490930843,57.0,3.5074384277748565,3.0,,David Yovino,-0.12800516682915142,0.7230969662283008,1.1050237112648087
616,1,,,,,1.0,David Yovino,,,
617,2,,,,,1.0,David Yovino,,,
618,0,0.0,54.166666666666664,14.583333333333336,18.0,,Derek Phelan,0.0,0.0,-0.0
619,1,,,,,1.0,Derek Phelan,,,
620,2,,,,,1.0,Derek Phelan,,,
621,0,-0.0,55.0,15.509167230600566,7.0,,Doug Mitchell,-0.0,0.047682713910491614,-0.1806633237123449
622,1,,,,,1.0,Doug Mitchell,,,
623,2,,,,,1.0,Doug Mitchell,,,
624,0,,61.0,,,,Drake Birkie,,,
625,1,,,,,1.0,Drake Birkie,,,
626,2,,,,,1.0,Drake Birkie,,,
627,0,0.2527810784486238,58.6,13.276683712001573,15.0,,Edward Bigarani,0.0945247338474719,0.29777765980245585,1.5176573666033066
628,1,,,,,1.0,Edward Bigarani,,,
629,2,,,,,1.0,Edward Bigarani,,,
630,0,-0.0,57.0,19.166666666666668,12.0,,Eldridge Manchester,-0.0,0.0,-0.0
631,1,,,,,1.0,Eldridge Manchester,,,
632,2,,,,,1.0,Eldridge Manchester,,,
633,0,,66.5,,,,Eric Gough,,,
634,1,,,,,1.0,Eric Gough,,,
635,2,,,,,1.0,Eric Gough,,,
636,0,-0.6271038403590555,56.25,2.624267190527584,4.0,,Foulad Albadeh,-0.9551099748711422,0.7291079029132816,0.15964892920351134
637,1,,,,,1.0,Foulad Albadeh,,,
638,2,,,,,1.0,Foulad Albadeh,,,
639,0,-1.026148767334314,62.875,2.5474552942748594,8.0,,Jason Chinn,0.7603585461842142,0.7278177982744725,-1.623904127540898
640,1,,,,,1.0,Jason Chinn,,,
641,2,,,,,1.0,Jason Chinn,,,
642,0,-0.0,76.0,0.6280401908798781,3.0,,Javier Bastidas,0.0,0.057939713680182914,-0.02935897297309696
643,1,,,,,1.0,Javier Bastidas,,,
644,2,,,,,1.0,Javier Bastidas,,,
645,0,0.0,52.6,2.2399999999999998,5.0,,Jerry Showman,-0.0,0.0,-0.0
646,1,,,,,1.0,Jerry Showman,,,
647,2,,,,,1.0,Jerry Showman,,,
648,0,0.9190584371676963,61.4,13.349037273446726,10.0,,Joe Donahue,-0.0,0.22569389365158188,0.0
649,1,,,,,1.0,Joe Donahue,,,
650,2,,,,,1.0,Joe Donahue,,,
651,0,,82.0,,,,Jon Beyler,,,
652,1,,,,,1.0,Jon Beyler,,,
653,2,,,,,1.0,Jon Beyler,,,
654,0,,61.5,,,,Jon Marcus,,,
655,1,,,,,1.0,Jon Marcus,,,
656,2,,,,,1.0,Jon Marcus,,,
657,0,0.0,56.0,18.363636363636363,11.0,,Josh Schmidt,-0.0,0.0,1.7381011260366238e-17
658,1,,,,,1.0,Josh Schmidt,,,
659,2,,,,,1.0,Josh Schmidt,,,
660,0,0.9215994563179464,56.875,3.2479714012030954,8.0,,Kevin Eckert,0.0,0.7317804262232283,2.217220513909655
661,1,,,,,1.0,Kevin Eckert,,,
662,2,,,,,1.0,Kevin Eckert,,,
663,0,,71.0,,,,Leo Austin-Muehleck,,,
664,1,,,,,1.0,Leo Austin-Muehleck,,,
665,2,,,,,1.0,Leo Austin-Muehleck,,,
666,0,,64.0,,,,Leon Goodstriker,,,
667,1,,,,,1.0,Leon Goodstriker,,,
668,2,,,,,1.0,Leon Goodstriker,,,
669,0,0.0,60.333333333333336,12.070151560010364,6.0,,Luis Ortiz,1.5620439841482292,0.44857175614165856,0.0
670,1,,,,,1.0,Luis Ortiz,,,
671,2,,,,,1.0,Luis Ortiz,,,
672,0,,77.0,,,,Luka Leskur,,,
673,1,,,,,1.0,Luka Leskur,,,
674,2,,,,,1.0,Luka Leskur,,,
675,0,0.0,55.77777777777778,14.39506172839506,9.0,,Luke Walton,0.0,0.0,0.0
676,1,,,,,1.0,Luke Walton,,,
677,2,,,,,1.0,Luke Walton,,,
678,0,-0.0,50.25,6.273312100016988,8.0,,Marquis Oliver,2.0951422260123174,0.6183536365008676,1.5966282510393026
679,1,,,,,1.0,Marquis Oliver,,,
680,2,,,,,1.0,Marquis Oliver,,,
681,0,2.207380431193886e-17,60.25,9.6875,4.0,,Martin Schuler,0.0,0.0,-0.0
682,1,,,,,1.0,Martin Schuler,,,
683,2,,,,,1.0,Martin Schuler,,,
684,0,1.7057780676464664,52.642857142857146,11.324267851941292,14.0,,Matt Angel,-1.061214461753791,0.23489951775922324,0.2495438644691951
685,1,,,,,1.0,Matt Angel,,,
686,2,,,,,1.0,Matt Angel,,,
687,0,0.21043709454600878,54.8125,10.664388050554425,16.0,,Matt Brenner,-0.29137777106155655,0.10400940566395378,0.4818065277179998
688,1,,,,,1.0,Matt Brenner,,,
689,2,,,,,1.0,Matt Brenner,,,
690,0,0.8295635957702998,59.4,8.573765446262145,15.0,,Matt Duncanson,-0.22058191860397472,0.16271821813846232,-0.08249599493639079
691,1,,,,,1.0,Matt Duncanson,,,
692,2,,,,,1.0,Matt Duncanson,,,
693,0,,58.0,,,,Matthew Cowen,,,
694,1,,,,,1.0,Matthew Cowen,,,
695,2,,,,,1.0,Matthew Cowen,,,
696,0,0.40796568014330925,54.375,9.645359407742024,8.0,,Mike Figueroa,0.16995466454384814,0.1780252968102669,0.36937157879418225
697,1,,,,,1.0,Mike Figueroa,,,
698,2,,,,,1.0,Mike Figueroa,,,
699,0,0.0,58.38461538461539,13.621301775147925,13.0,,Mike Hudson,-0.0,0.0,0.0
700,1,,,,,1.0,Mike Hudson,,,
701,2,,,,,1.0,Mike Hudson,,,
702,0,,61.0,,,,Mike Ridley,,,
703,1,,,,,1.0,Mike Ridley,,,
704,2,,,,,1.0,Mike Ridley,,,
705,0,0.16389748852337868,49.42857142857143,1.488571211255208,7.0,,Mike Sale,1.1024243267211074,0.5947778369360821,0.0
706,1,,,,,1.0,Mike Sale,,,
707,2,,,,,1.0,Mike Sale,,,
708,0,1.9091978345991774,62.333333333333336,0.07299107253617605,3.0,,Mike Vidov,0.0,0.9827126407151162,-0.0
709,1,,,,,1.0,Mike Vidov,,,
710,2,,,,,1.0,Mike Vidov,,,
711,0,,70.0,,,,Milo Straghalis,,,
712,1,,,,,1.0,Milo Straghalis,,,
713,2,,,,,1.0,Milo Straghalis,,,
714,0,2.0444775829714263,58.75,0.8930887152238881,4.0,,Mitchell Grummon,0.09100355579298228,0.912334850039373,0.8183506647635427
715,1,,,,,1.0,Mitchell Grummon,,,
716,2,,,,,1.0,Mitchell Grummon,,,
717,0,0.7851260746690166,62.89473684210526,12.095588877625815,19.0,,Nellio Fontes,1.7373388864053825,0.2581536553138092,-0.6899350004431047
718,1,,,,,1.0,Nellio Fontes,,,
719,2,,,,,1.0,Nellio Fontes,,,
720,0,0.7873878750993906,57.9375,4.371353536464507,16.0,,Niel Jones,0.5351843025816362,0.2784871016538274,-0.0
721,1,,,,,1.0,Niel Jones,,,
722,2,,,,,1.0,Niel Jones,,,
723,0,,60.0,,,,Patrick Willey,,,
724,1,,,,,1.0,Patrick Willey,,,
725,2,,,,,1.0,Patrick Willey,,,
726,0,0.06404492959453403,73.0,5.395772080673804e-05,3.0,,Peter Thayer,0.0,0.9999957401799363,-3.545535659630855
727,1,,,,,1.0,Peter Thayer,,,
728,2,,,,,1.0,Peter Thayer,,,
729,0,,65.0,,,,Reese Williams,,,
730,1,,,,,1.0,Reese Williams,,,
731,2,,,,,1.0,Reese Williams,,,
732,0,2.543816781881063,65.0,4.827850001192055,8.0,,Ron Schreier,-1.5243762787716124,0.6137719999046356,1.0401975890945483
733,1,,,,,1.0,Ron Schreier,,,
734,2,,,,,1.0,Ron Schreier,,,
735,0,-2.4535736448479706e-17,58.0,1.5,4.0,,Ross Hammond,0.0,0.0,0.0
736,1,,,,,1.0,Ross Hammond,,,
737,2,,,,,1.0,Ross Hammond,,,
738,0,,68.5,,,,Scooter Wilson,,,
739,1,,,,,1.0,Scooter Wilson,,,
740,2,,,,,1.0,Scooter Wilson,,,
741,0,1.1192467494049596,59.785714285714285,4.983948054733607,14.0,,Scott McClellan,0.4126753111317587,0.4104684256319935,-0.0
742,1,,,,,1.0,Scott McClellan,,,
743,2,,,,,1.0,Scott McClellan,,,
744,0,0.0,60.13333333333333,21.71555555555556,15.0,,Sean Pierson,-0.0,0.0,0.0
745,1,,,,,1.0,Sean Pierson,,,
746,2,,,,,1.0,Sean Pierson,,,
747,0,-0.0,56.8,21.360000000000007,15.0,,Sean Saxton,0.0,0.0,0.0
748,1,,,,,1.0,Sean Saxton,,,
749,2,,,,,1.0,Sean Saxton,,,
750,0,0.297225371196662,57.07692307692308,10.213709482723724,13.0,,Simon Crosby,0.1642537422730003,0.04423205837192201,0.0
751,1,,,,,1.0,Simon Crosby,,,
752,2,,,,,1.0,Simon Crosby,,,
753,0,0.0,58.61538461538461,17.621301775147927,13.0,,Steven P.,0.0,0.0,0.0
754,1,,,,,1.0,Steven P.,,,
755,2,,,,,1.0,Steven P.,,,
756,0,0.0,53.1,13.290000000000001,10.0,,Travis Callahan,-0.0,0.0,1.2941994162336905e-17
757,1,,,,,1.0,Travis Callahan,,,
758,2,,,,,1.0,Travis Callahan,,,
759,0,-0.25951119010247803,68.55555555555556,9.220146869946369,9.0,,Val St Louis,0.0,0.05940567195761204,-0.24228364564286045
760,1,,,,,1.0,Val St Louis,,,
761,2,,,,,1.0,Val St Louis,,,
762,0,0.0,68.0,3.6,5.0,,Aaron Jacks,0.0,0.0,-0.0
763,1,,,,,1.0,Aaron Jacks,,,
764,2,,,,,1.0,Aaron Jacks,,,
765,0,-1.4340064464714427e-17,61.125,18.859375,8.0,,Aaron Sorber,0.0,0.0,0.0
766,1,,,,,1.0,Aaron Sorber,,,
767,2,,,,,1.0,Aaron Sorber,,,
768,0,0.24686632119431898,74.83333333333333,4.282327164541619,6.0,,Ashley Foust,0.6246497346456156,0.8036130217535054,-2.915931831493237
769,1,,81.0,,,,Ashley Foust,,,
770,2,,,,,1.0,Ashley Foust,,,
771,0,0.0,56.666666666666664,14.888888888888891,3.0,,Bob Proctor,-0.0,0.0,-5.703780430926453e-16
772,1,,,,,1.0,Bob Proctor,,,
773,2,,,,,1.0,Bob Proctor,,,
774,0,1.1695926201228433,54.285714285714285,3.9571275172799427,7.0,,Brandon Lohmann,-0.0579970496051497,0.3902539360166126,-0.0
775,1,,,,,1.0,Brandon Lohmann,,,
776,2,,,,,1.0,Brandon Lohmann,,,
777,0,,59.0,,,,Brian Repp,,,
778,1,,,,,1.0,Brian Repp,,,
779,2,,,,,1.0,Brian Repp,,,
780,0,,61.5,,,,Briana Ainsley,,,
781,1,,,,,1.0,Briana Ainsley,,,
782,2,,,,,1.0,Briana Ainsley,,,
783,0,-1.1075279299943754,59.0,6.159266023109287,7.0,,Bryan Schmitz,-0.24403065534811996,0.4986643934678487,-1.4047456599480737
784,1,,,,,1.0,Bryan Schmitz,,,
785,2,,,,,1.0,Bryan Schmitz,,,
786,0,,50.0,,,,Cheyney Steininger,,,
787,1,,,,,1.0,Cheyney Steininger,,,
788,2,,,,,1.0,Cheyney Steininger,,,
789,0,1.452668539094442e-17,55.92857142857143,12.35204081632653,14.0,,Chris Johengen,0.0,0.0,0.0
790,1,,,,,1.0,Chris Johengen,,,
791,2,,,,,1.0,Chris Johengen,,,
792,0,1.5020000122181498,57.388888888888886,14.500709839756773,18.0,,Chris Tirrell,-1.2617103672071952,0.21917400896107764,-0.8727979492693472
793,1,,,,,1.0,Chris Tirrell,,,
794,2,,,,,1.0,Chris Tirrell,,,
795,0,0.0,60.2,11.16,10.0,,Cory Sprous,-0.0,0.0,-0.0
796,1,,59.0,,,,Cory Sprous,,,
797,2,,,,,1.0,Cory Sprous,,,
798,0,-0.12559499551149686,53.625,2.787744272075969,8.0,,Dan Santini,-0.0,0.06588673605831408,0.0
799,1,,,,,1.0,Dan Santini,,,
800,2,,,,,1.0,Dan Santini,,,
801,0,2.937701742179316,60.142857142857146,2.049496769508455,7.0,,Daniel Johengen,-2.1263968556096216,0.9009612014734572,2.8496650679591653
802,1,,,,,1.0,Daniel Johengen,,,
803,2,,,,,1.0,Daniel Johengen,,,
804,0,0.12678907383688512,63.0,16.51180934073734,14.0,,Dave Van Dollen,0.02584624266871573,0.2730649975776013,1.9677453986128222
805,1,,,,,1.0,Dave Van Dollen,,,
806,2,,,,,1.0,Dave Van Dollen,,,
807,0,0.0,60.63636363636363,8.595041322314051,11.0,,Dennis Condos,-0.0,0.0,0.0
808,1,,,,,1.0,Dennis Condos,,,
809,2,,,,,1.0,Dennis Condos,,,
810,0,,64.0,,,,Dmitri Kononov,,,
811,1,,,,,1.0,Dmitri Kononov,,,
812,2,,,,,1.0,Dmitri Kononov,,,
813,0,2.747194802374406e-17,55.0,6.833333333333333,12.0,,Eric Leaf,0.0,0.0,0.0
814,1,,,,,1.0,Eric Leaf,,,
815,2,,,,,1.0,Eric Leaf,,,
816,0,,82.0,,,,Evan Kaeser,,,
817,1,,,,,1.0,Evan Kaeser,,,
818,2,,,,,1.0,Evan Kaeser,,,
819,0,0.0,59.09090909090909,6.6280991735537205,11.0,,Glenn Murray,-0.0,0.0,0.0
820,1,,,,,1.0,Glenn Murray,,,
821,2,,,,,1.0,Glenn Murray,,,
822,0,,48.5,,,,James Proctor,,,
823,1,,,,,1.0,James Proctor,,,
824,2,,47.0,,,,James Proctor,,,
825,0,-0.0,50.5,10.697796943341453,10.0,,Jesse Kerfeld,0.10994240184929056,0.03187357978810379,-0.0
826,1,,,,,1.0,Jesse Kerfeld,,,
827,2,,,,,1.0,Jesse Kerfeld,,,
828,0,1.948152083901262e-17,59.0,12.666666666666666,3.0,,Joe Frediani,0.0,0.0,0.0
829,1,,,,,1.0,Joe Frediani,,,
830,2,,,,,1.0,Joe Frediani,,,
831,0,2.400929249123126,61.0,6.251509590816647,9.0,,Josh Babiak,1.1408588420205938,0.7099815138280937,1.4076157784420849
832,1,,,,,1.0,Josh Babiak,,,
833,2,,,,,1.0,Josh Babiak,,,
834,0,0.007338486118746165,50.54545454545455,13.320331764014918,11.0,,Juan Bernal,-0.0,0.0013877673817811464,0.0
835,1,,,,,1.0,Juan Bernal,,,
836,2,,,,,1.0,Juan Bernal,,,
837,0,,70.0,,,,Kevin Yoshimoto,,,
838,1,,,,,1.0,Kevin Yoshimoto,,,
839,2,,,,,1.0,Kevin Yoshimoto,,,
840,0,1.9799693449105207,62.0,1.4074080623592806,3.0,,Landyn Christopher,0.0,0.8680554941538174,-0.3145487050587097
841,1,,,,,1.0,Landyn Christopher,,,
842,2,,,,,1.0,Landyn Christopher,,,
843,0,-0.0,56.55555555555556,3.821518796491639,9.0,,Life Gibson,-0.1258011108113675,0.2559061958754262,0.6136563031558113
844,1,,60.0,,,,Life Gibson,,,
845,2,,,,,1.0,Life Gibson,,,
846,0,2.2264084054200556e-17,54.666666666666664,8.722222222222223,12.0,,Marco Benites,-0.0,0.0,0.0
847,1,,,,,1.0,Marco Benites,,,
848,2,,,,,1.0,Marco Benites,,,
849,0,,62.0,,,,Michael Neylan,,,
850,1,,,,,1.0,Michael Neylan,,,
851,2,,,,,1.0,Michael Neylan,,,
852,0,-2.0507641328925743,60.333333333333336,0.001111828869637708,3.0,,Mike Newton,0.0,0.99961513616051,-3.7116432358768963
853,1,,,,,1.0,Mike Newton,,,
854,2,,,,,1.0,Mike Newton,,,
855,0,-0.5617155007480011,61.75,3.865352812036062,4.0,,Mitch Grummon,-0.0,0.37529651522649504,0.0
856,1,,,,,1.0,Mitch Grummon,,,
857,2,,,,,1.0,Mitch Grummon,,,
858,0,,63.0,,,,Sam Maurer,,,
859,1,,,,,1.0,Sam Maurer,,,
860,2,,,,,1.0,Sam Maurer,,,
861,0,1.810866815982842,66.0,0.012616246632441472,4.0,,Samuel Jung,0.0,0.9949535013470234,0.30675887666643653
862,1,,,,,1.0,Samuel Jung,,,
863,2,,,,,1.0,Samuel Jung,,,
864,0,,79.0,,,,Sequoia Simental,,,
865,1,,,,,1.0,Sequoia Simental,,,
866,2,,,,,1.0,Sequoia Simental,,,
867,0,-1.5283507723057057e-17,62.666666666666664,13.555555555555557,3.0,,Shifukato Yoshi,0.0,0.0,0.0
868,1,,,,,1.0,Shifukato Yoshi,,,
869,2,,,,,1.0,Shifukato Yoshi,,,
870,0,-0.0,64.7,15.61,10.0,,Steven Cole,0.0,0.0,0.0
871,1,,,,,1.0,Steven Cole,,,
872,2,,,,,1.0,Steven Cole,,,
873,0,0.0,55.375,3.984375,8.0,,Trevor Duckworth,0.0,0.0,-0.0
874,1,,,,,1.0,Trevor Duckworth,,,
875,2,,,,,1.0,Trevor Duckworth,,,
876,0,0.829486729797026,55.166666666666664,5.805303850077223,12.0,,Will Borger,0.15543914098256956,0.25626000497231294,0.4550630263556575
877,1,,,,,1.0,Will Borger,,,
878,2,,,,,1.0,Will Borger,,,
879,0,0.2432474809173802,55.5,0.4713660484039342,6.0,,Wilson Linker,0.8347708601772668,0.7540698877892517,-0.0
880,1,,,,,1.0,Wilson Linker,,,
881,2,,,,,1.0,Wilson Linker,,,
882,0,,,,,1.0,Joe Doanahue,,,
883,1,,,,,1.0,Joe Doanahue,,,
884,2,,62.0,,,,Joe Doanahue,,,
885,0,,60.0,,,,Andrew Monbouquette,,,
886,1,,,,,1.0,Andrew Monbouquette,,,
887,2,,,,,1.0,Andrew Monbouquette,,,
888,0,,69.0,,,,Anthony Nicolay,,,
889,1,,,,,1.0,Anthony Nicolay,,,
890,2,,,,,1.0,Anthony Nicolay,,,
891,0,1.8442670626483093e-17,55.0,7.333333333333333,6.0,,Booth Burrows,-0.0,0.0,0.0
892,1,,,,,1.0,Booth Burrows,,,
893,2,,50.0,,,,Booth Burrows,,,
894,0,0.0,52.5,13.916666666666666,6.0,,Dave Burnham,-0.0,0.0,-0.0
895,1,,,,,1.0,Dave Burnham,,,
896,2,,,,,1.0,Dave Burnham,,,
897,0,0.0,63.666666666666664,18.222222222222225,6.0,,Dave Headd,-0.0,0.0,0.0
898,1,,,,,1.0,Dave Headd,,,
899,2,,,,,1.0,Dave Headd,,,
900,0,2.1022360747129012e-17,58.5,10.25,4.0,,Eric Roth,0.0,0.0,0.0
901,1,,,,,1.0,Eric Roth,,,
902,2,,,,,1.0,Eric Roth,,,
903,0,-0.11013854097718538,60.666666666666664,4.835380987751736,6.0,,Frankie Doherty,0.1645206446293388,0.1788975681176298,0.411810189250695
904,1,,,,,1.0,Frankie Doherty,,,
905,2,,,,,1.0,Frankie Doherty,,,
906,0,,57.0,,,,Grant Barr,,,
907,1,,,,,1.0,Grant Barr,,,
908,2,,,,,1.0,Grant Barr,,,
909,0,-0.0,52.5625,9.62109375,16.0,,Harper Alexander,0.0,0.0,0.0
910,1,,,,,1.0,Harper Alexander,,,
911,2,,,,,1.0,Harper Alexander,,,
912,0,-0.0,77.5,36.81814484080844,4.0,,Jamie Williams,-0.034508852288329596,0.011593427092390751,0.011460848572858213
913,1,,,,,1.0,Jamie Williams,,,
914,2,,,,,1.0,Jamie Williams,,,
915,0,0.06789021447741993,64.27272727272727,20.05376518738644,11.0,,Joe Canose,0.013044161367502766,0.007158106516465201,0.0
916,1,,,,,1.0,Joe Canose,,,
917,2,,,,,1.0,Joe Canose,,,
918,0,1.3307342334206196,57.09090909090909,9.987735218050936,11.0,,Jon Toby,0.6798111347598582,0.2815006174886068,-0.0
919,1,,,,,1.0,Jon Toby,,,
920,2,,,,,1.0,Jon Toby,,,
921,0,0.676737317926719,57.23076923076923,7.9383822038205745,13.0,,Juni Martins,0.3014291903567347,0.2644810348433789,0.47869757087205445
922,1,,,,,1.0,Juni Martins,,,
923,2,,60.0,,,,Juni Martins,,,
924,0,2.714165787445496,63.0,0.006924584238859763,4.0,,Justin Box,4.0110809991506775,0.9998076504378095,0.7396398980686735
925,1,,,,,1.0,Justin Box,,,
926,2,,,,,1.0,Justin Box,,,
927,0,0.0,61.09090909090909,5.307016590785885,11.0,,Kevin Smeds,-0.0,0.15283772099592075,0.4796162143631633
928,1,,,,,1.0,Kevin Smeds,,,
929,2,,,,,1.0,Kevin Smeds,,,
930,0,,47.0,,,,Lance Landgren,,,
931,1,,,,,1.0,Lance Landgren,,,
932,2,,,,,1.0,Lance Landgren,,,
933,0,,53.0,,,,Lucas Walton,,,
934,1,,,,,1.0,Lucas Walton,,,
935,2,,,,,1.0,Lucas Walton,,,
936,0,,55.0,,,,Luis Villalobos,,,
937,1,,,,,1.0,Luis Villalobos,,,
938,2,,,,,1.0,Luis Villalobos,,,
939,0,,50.0,,,,Mark Patnode,,,
940,1,,,,,1.0,Mark Patnode,,,
941,2,,,,,1.0,Mark Patnode,,,
942,0,0.0,58.25,6.4375,8.0,,Mick Coronel,-0.0,0.0,0.0
943,1,,,,,1.0,Mick Coronel,,,
944,2,,,,,1.0,Mick Coronel,,,
945,0,4.145879020456943,66.16666666666667,7.673762474445975,6.0,,Mike Gilman,-4.988466026656069,0.7366487616014727,-4.781194659111949
946,1,,,,,1.0,Mike Gilman,,,
947,2,,,,,1.0,Mike Gilman,,,
948,0,0.25059102581459053,61.8,3.514017407586853,5.0,,Roth Roeun,-0.0,0.15528427702239112,-0.0
949,1,,,,,1.0,Roth Roeun,,,
950,2,,,,,1.0,Roth Roeun,,,
951,0,-0.0,50.84615384615385,9.66863905325444,13.0,,"Scott ""Bizzle"" Badovick",-0.0,0.0,-0.0
952,1,,,,,1.0,"Scott ""Bizzle"" Badovick",,,
953,2,,,,,1.0,"Scott ""Bizzle"" Badovick",,,
954,0,-0.0,51.6,12.373333333333338,15.0,,Todd Kurnat,-0.0,0.0,0.0
955,1,,,,,1.0,Todd Kurnat,,,
956,2,,,,,1.0,Todd Kurnat,,,
957,0,,67.0,,,,Alan Musselman,,,
958,1,,,,,1.0,Alan Musselman,,,
959,2,,,,,1.0,Alan Musselman,,,
960,0,,58.0,,,,Chris Morrissey,,,
961,1,,,,,1.0,Chris Morrissey,,,
962,2,,,,,1.0,Chris Morrissey,,,
963,0,-0.0,63.63636363636363,5.6259302048595785,11.0,,Erica Norton,-0.4854233257541572,0.14694542006515166,-0.30050353876449776
964,1,,,,,1.0,Erica Norton,,,
965,2,,,,,1.0,Erica Norton,,,
966,0,0.0,55.5,12.5,8.0,,Filipe Wong,0.0,0.0,0.0
967,1,,,,,1.0,Filipe Wong,,,
968,2,,,,,1.0,Filipe Wong,,,
969,0,0.7837747070183676,60.888888888888886,1.5845306459729651,9.0,,Jake Ward,1.289475272286013,0.7578358824079052,0.8997660818297061
970,1,,,,,1.0,Jake Ward,,,
971,2,,,,,1.0,Jake Ward,,,
972,0,,56.0,,,,Kelvin Preciado,,,
973,1,,,,,1.0,Kelvin Preciado,,,
974,2,,,,,1.0,Kelvin Preciado,,,
975,0,,85.0,,,,Lefty Stone,,,
976,1,,,,,1.0,Lefty Stone,,,
977,2,,,,,1.0,Lefty Stone,,,
978,0,0.0,59.666666666666664,1.5555555555555554,3.0,,Nathan La Chance,0.0,0.0,0.0
979,1,,,,,1.0,Nathan La Chance,,,
980,2,,,,,1.0,Nathan La Chance,,,
981,0,,71.0,,,,Nick Hafeman,,,
982,1,,,,,1.0,Nick Hafeman,,,
983,2,,,,,1.0,Nick Hafeman,,,
984,0,1.1040915651764764,51.666666666666664,0.0001815432144655533,3.0,,Nick Norena,0.0,0.9998832936478436,0.2603819846702513
985,1,,,,,1.0,Nick Norena,,,
986,2,,,,,1.0,Nick Norena,,,
987,0,,55.0,,,,Ricky Creelman,,,
988,1,,,,,1.0,Ricky Creelman,,,
989,2,,,,,1.0,Ricky Creelman,,,
990,0,0.13310271132712628,66.375,8.023600261490394,8.0,,Ron Hanhy,1.7756156587552085,0.5659252605787107,1.210682257238147
991,1,,,,,1.0,Ron Hanhy,,,
992,2,,,,,1.0,Ron Hanhy,,,
993,0,0.0,68.0,19.666666666666668,6.0,,Scott Maxey,0.0,0.0,0.0
994,1,,,,,1.0,Scott Maxey,,,
995,2,,,,,1.0,Scott Maxey,,,
996,0,,58.0,,,,Scott McClafin,,,
997,1,,,,,1.0,Scott McClafin,,,
998,2,,,,,1.0,Scott McClafin,,,
999,0,,54.5,,,,Wolf Gaudchau,,,
1000,1,,,,,1.0,Wolf Gaudchau,,,
1001,2,,,,,1.0,Wolf Gaudchau,,,
1002,0,,61.0,,,,Carlos Bagan,,,
1003,1,,,,,1.0,Carlos Bagan,,,
1004,2,,,,,1.0,Carlos Bagan,,,
1005,0,-0.0,62.5,11.75,8.0,,Dan Harris,0.0,0.0,-0.0
1006,1,,,,,1.0,Dan Harris,,,
1007,2,,,,,1.0,Dan Harris,,,
1008,0,,68.0,,,,Dillon Donovan,,,
1009,1,,,,,1.0,Dillon Donovan,,,
1010,2,,,,,1.0,Dillon Donovan,,,
1011,0,,63.0,,,,Dreet Koiv,,,
1012,1,,,,,1.0,Dreet Koiv,,,
1013,2,,,,,1.0,Dreet Koiv,,,
1014,0,,57.0,,,,Jake Forrer,,,
1015,1,,,,,1.0,Jake Forrer,,,
1016,2,,,,,1.0,Jake Forrer,,,
1017,0,0.0,59.833333333333336,23.805555555555557,6.0,,James Teets,0.0,0.0,2.2242601799416955e-17
1018,1,,,,,1.0,James Teets,,,
1019,2,,,,,1.0,James Teets,,,
1020,0,,63.0,,,,Life GIbson,,,
1021,1,,,,,1.0,Life GIbson,,,
1022,2,,,,,1.0,Life GIbson,,,
1023,0,0.0,52.09090909090909,2.6280991735537196,11.0,,Marquis Mallen,0.0,0.0,-0.0
1024,1,,,,,1.0,Marquis Mallen,,,
1025,2,,,,,1.0,Marquis Mallen,,,
1026,0,,64.0,,,,Mike GIlman,,,
1027,1,,,,,1.0,Mike GIlman,,,
1028,2,,,,,1.0,Mike GIlman,,,
1029,0,,69.0,,,,Patrick Wiley,,,
1030,1,,,,,1.0,Patrick Wiley,,,
1031,2,,,,,1.0,Patrick Wiley,,,
1032,0,,62.5,,,,Ron Bohn,,,
1033,1,,,,,1.0,Ron Bohn,,,
1034,2,,,,,1.0,Ron Bohn,,,
1035,0,0.7747767712968672,61.77777777777778,10.221983787563646,9.0,,Thor Scordelis,0.6893458280363723,0.49880103705045076,-1.3017570178818887
1036,1,,,,,1.0,Thor Scordelis,,,
1037,2,,,,,1.0,Thor Scordelis,,,
1038,0,-0.0,62.75,13.1875,4.0,,Viento Nieto,-0.0,0.0,2.855764149824729e-17
1039,1,,,,,1.0,Viento Nieto,,,
1040,2,,,,,1.0,Viento Nieto,,,
1041,0,0.0,58.857142857142854,16.979591836734695,7.0,,William Jerpe,1.2455289530486157e-17,0.0,-0.0
1042,1,,,,,1.0,William Jerpe,,,
1043,2,,,,,1.0,William Jerpe,,,
1044,0,,64.5,,,,Alex Georgopoulos,,,
1045,1,,,,,1.0,Alex Georgopoulos,,,
1046,2,,,,,1.0,Alex Georgopoulos,,,
1047,0,,70.0,,,,Andy Martilla,,,
1048,1,,,,,1.0,Andy Martilla,,,
1049,2,,,,,1.0,Andy Martilla,,,
1050,0,-1.7204206917695166,55.666666666666664,0.00032641051029528727,3.0,,Bill Shea,-1.0044885543540651,0.9999717529366091,0.7986729104470919
1051,1,,,,,1.0,Bill Shea,,,
1052,2,,,,,1.0,Bill Shea,,,
1053,0,-0.0,57.333333333333336,22.88888888888889,3.0,,Brent Allard,-0.0,0.0,0.0
1054,1,,,,,1.0,Brent Allard,,,
1055,2,,,,,1.0,Brent Allard,,,
1056,0,-0.0,58.55555555555556,9.135802469135802,9.0,,Brett Allen,-0.0,0.0,0.0
1057,1,,56.0,,,,Brett Allen,,,
1058,2,,,,,1.0,Brett Allen,,,
1059,0,,70.0,,,,Daniel Moroney,,,
1060,1,,,,,1.0,Daniel Moroney,,,
1061,2,,,,,1.0,Daniel Moroney,,,
1062,0,0.0,61.0,1.5400072901350472,5.0,,Daniel Tarango,0.7318806797540832,0.5187477218327977,0.0
1063,1,,,,,1.0,Daniel Tarango,,,
1064,2,,,,,1.0,Daniel Tarango,,,
1065,0,-0.2367077663525218,62.0,41.974604538687025,3.0,,Jason Tindell,0.0,0.13750812591738992,0.49093405683797303
1066,1,,,,,1.0,Jason Tindell,,,
1067,2,,,,,1.0,Jason Tindell,,,
1068,0,0.0,63.875,36.359375,8.0,,Nick Klein,-0.0,0.0,0.0
1069,1,,,,,1.0,Nick Klein,,,
1070,2,,,,,1.0,Nick Klein,,,
1071,0,,56.5,,,,Patrick Humphreys,,,
1072,1,,,,,1.0,Patrick Humphreys,,,
1073,2,,,,,1.0,Patrick Humphreys,,,
1074,0,0.21352220863984572,66.33333333333333,8.248022531386656,9.0,,Randy Waters,0.0,0.1564522411081829,0.4979788664947301
1075,1,,,,,1.0,Randy Waters,,,
1076,2,,,,,1.0,Randy Waters,,,
1077,0,-0.0,59.625,5.484375,8.0,,Ryan Santos,-0.0,0.0,-0.0
1078,1,,,,,1.0,Ryan Santos,,,
1079,2,,,,,1.0,Ryan Santos,,,
1080,0,,56.0,,,,Vince Cervantes,,,
1081,1,,,,,1.0,Vince Cervantes,,,
1082,2,,,,,1.0,Vince Cervantes,,,
1083,0,1.6437086742929794,66.66666666666667,0.00019936257555134372,3.0,,Matt Gibb,2.805891389216016,0.9999912899845632,-2.0373743199913705
1084,1,,,,,1.0,Matt Gibb,,,
1085,2,,,,,1.0,Matt Gibb,,,
1086,0,,50.5,,,,Matt Shustack,,,
1087,1,,,,,1.0,Matt Shustack,,,
1088,2,,,,,1.0,Matt Shustack,,,
1089,0,2.2583029154607842e-17,68.66666666666667,36.22222222222222,3.0,,Patrick Whitesell,-0.0,0.0,0.0
1090,1,,,,,1.0,Patrick Whitesell,,,
1091,2,,,,,1.0,Patrick Whitesell,,,
1092,0,,54.0,,,,Putnam Daily,,,
1093,1,,,,,1.0,Putnam Daily,,,
1094,2,,,,,1.0,Putnam Daily,,,
1095,0,,61.5,,,,Tim Deweerd,,,
1096,1,,,,,1.0,Tim Deweerd,,,
1097,2,,,,,1.0,Tim Deweerd,,,
1098,0,,52.0,,,,Torrey Tuft,,,
1099,1,,,,,1.0,Torrey Tuft,,,
1100,2,,,,,1.0,Torrey Tuft,,,
1101,0,,,,,1.0,Patrick Humphries,,,
1102,1,,,,,1.0,Patrick Humphries,,,
1103,2,,52.0,,,,Patrick Humphries,,,
1104,0,0.0,57.0,12.110795843817064,4.0,,Andy Leaf,-0.0,0.505681802293181,1.8760800716614419
1105,1,,,,,1.0,Andy Leaf,,,
1106,2,,,,,1.0,Andy Leaf,,,
1107,0,,53.0,,,,Bill Emmack,,,
1108,1,,,,,1.0,Bill Emmack,,,
1109,2,,,,,1.0,Bill Emmack,,,
1110,0,,71.0,,,,Blake Riggs,,,
1111,1,,,,,1.0,Blake Riggs,,,
1112,2,,,,,1.0,Blake Riggs,,,
1113,0,,57.0,,,,Brad Donahue,,,
1114,1,,,,,1.0,Brad Donahue,,,
1115,2,,,,,1.0,Brad Donahue,,,
1116,0,,62.0,,,,Carlos Pagan,,,
1117,1,,,,,1.0,Carlos Pagan,,,
1118,2,,,,,1.0,Carlos Pagan,,,
1119,0,,57.0,,,,Christian Conners,,,
1120,1,,,,,1.0,Christian Conners,,,
1121,2,,,,,1.0,Christian Conners,,,
1122,0,0.0,56.666666666666664,10.888888888888891,3.0,,Dino Papagni,-1.2166232465455814e-17,0.0,0.0
1123,1,,,,,1.0,Dino Papagni,,,
1124,2,,,,,1.0,Dino Papagni,,,
1125,0,,66.0,,,,Ike Seneca,,,
1126,1,,,,,1.0,Ike Seneca,,,
1127,2,,,,,1.0,Ike Seneca,,,
1128,0,,58.0,,,,Nathan Vizcarra,,,
1129,1,,,,,1.0,Nathan Vizcarra,,,
1130,2,,,,,1.0,Nathan Vizcarra,,,
1131,0,,73.0,,,,Schuylar Fairris,,,
1132,1,,,,,1.0,Schuylar Fairris,,,
1133,2,,,,,1.0,Schuylar Fairris,,,
1134,0,,55.0,,,,Shelby Klein,,,
1135,1,,,,,1.0,Shelby Klein,,,
1136,2,,,,,1.0,Shelby Klein,,,
1137,0,,,,,1.0,Ryan Nepomuceno,,,
1138,1,,,,,1.0,Ryan Nepomuceno,,,
1139,2,,76.0,,,,Ryan Nepomuceno,,,
1140,0,-0.8190520854238653,76.4,0.020732963158426036,5.0,,Albert Sandoval,1.5518892996196936,0.9907442128757028,-0.5328799953148031
1141,1,,,,,1.0,Albert Sandoval,,,
1142,2,,,,,1.0,Albert Sandoval,,,
1143,0,,74.0,,,,Ben Miller,,,
1144,1,,,,,1.0,Ben Miller,,,
1145,2,,,,,1.0,Ben Miller,,,
1146,0,,60.5,,,,Chris Butterworth,,,
1147,1,,,,,1.0,Chris Butterworth,,,
1148,2,,,,,1.0,Chris Butterworth,,,
1149,0,,55.0,,,,Jabir Ponce,,,
1150,1,,,,,1.0,Jabir Ponce,,,
1151,2,,,,,1.0,Jabir Ponce,,,
1152,0,,65.0,,,,Julius Winckler,,,
1153,1,,,,,1.0,Julius Winckler,,,
1154,2,,,,,1.0,Julius Winckler,,,
1155,0,,60.5,,,,Michael Lopez,,,
1156,1,,,,,1.0,Michael Lopez,,,
1157,2,,,,,1.0,Michael Lopez,,,
1158,0,-1.693117598777502,62.5,0.017003722386154003,4.0,,Rich Korach,-2.7169419542625537,0.998953617083929,2.31516137305524
1159,1,,,,,1.0,Rich Korach,,,
1160,2,,,,,1.0,Rich Korach,,,
1161,0,,66.0,,,,Richard Smith,,,
1162,1,,,,,1.0,Richard Smith,,,
1163,2,,,,,1.0,Richard Smith,,,
1164,0,,63.0,,,,Scott Snyder,,,
1165,1,,,,,1.0,Scott Snyder,,,
1166,2,,,,,1.0,Scott Snyder,,,
1167,0,,68.5,,,,Sean Frick,,,
1168,1,,,,,1.0,Sean Frick,,,
1169,2,,,,,1.0,Sean Frick,,,
1170,0,,64.0,,,,Stephen Siegman,,,
1171,1,,,,,1.0,Stephen Siegman,,,
1172,2,,,,,1.0,Stephen Siegman,,,
1173,0,,61.0,,,,Warren Sedar,,,
1174,1,,,,,1.0,Warren Sedar,,,
1175,2,,,,,1.0,Warren Sedar,,,
1176,0,-2.3332543292510093,80.33333333333333,0.005843074812796292,3.0,,Andrew Stockdale,3.8528934401540385,0.999885179752587,1.2545091179739594
1177,1,,,,,1.0,Andrew Stockdale,,,
1178,2,,,,,1.0,Andrew Stockdale,,,
1179,0,-0.08310844624126304,64.6,4.7672765571938855,5.0,,Dan Goodman,0.13497307782361154,0.12366239757465325,0.0
1180,1,,,,,1.0,Dan Goodman,,,
1181,2,,,,,1.0,Dan Goodman,,,
1182,0,,55.0,,,,Kris Mickelson,,,
1183,1,,,,,1.0,Kris Mickelson,,,
1184,2,,,,,1.0,Kris Mickelson,,,
1185,0,,62.0,,,,Dimitri Kononov,,,
1186,1,,,,,1.0,Dimitri Kononov,,,
1187,2,,,,,1.0,Dimitri Kononov,,,
1188,0,,97.0,,,,Liz Vance,,,
1189,1,,,,,1.0,Liz Vance,,,
1190,2,,,,,1.0,Liz Vance,,,
1191,0,-0.10649788504414563,62.111111111111114,7.916785381890839,9.0,,Mike Mardigras,0.8449826331233584,0.23294304314215564,-0.0
1192,1,,61.0,,,,Mike Mardigras,,,
1193,2,,,,,1.0,Mike Mardigras,,,
1194,0,,61.0,,,,Roji Behr,,,
1195,1,,,,,1.0,Roji Behr,,,
1196,2,,,,,1.0,Roji Behr,,,
1197,0,,53.0,,,,Ryan Nixon,,,
1198,1,,,,,1.0,Ryan Nixon,,,
1199,2,,,,,1.0,Ryan Nixon,,,
1200,0,,58.0,,,,Shea Grabost,,,
1201,1,,,,,1.0,Shea Grabost,,,
1202,2,,,,,1.0,Shea Grabost,,,
1203,0,,,,,1.0,Denise Schreiner,,,
1204,1,,,,,1.0,Denise Schreiner,,,
1205,2,,78.0,,,,Denise Schreiner,,,
1206,0,,,,,1.0,Matt Schreiner,,,
1207,1,,,,,1.0,Matt Schreiner,,,
1208,2,,63.0,,,,Matt Schreiner,,,
1209,0,,65.5,,,,Bert Williams,,,
1210,1,,,,,1.0,Bert Williams,,,
1211,2,,,,,1.0,Bert Williams,,,
1212,0,,65.0,,,,Daniel Kimble,,,
1213,1,,,,,1.0,Daniel Kimble,,,
1214,2,,,,,1.0,Daniel Kimble,,,
1215,0,,75.0,,,,James Juarez,,,
1216,1,,,,,1.0,James Juarez,,,
1217,2,,,,,1.0,James Juarez,,,
1218,0,,59.0,,,,Joe Martinez,,,
1219,1,,,,,1.0,Joe Martinez,,,
1220,2,,,,,1.0,Joe Martinez,,,
1221,0,,61.0,,,,Joe canose,,,
1222,1,,,,,1.0,Joe canose,,,
1223,2,,,,,1.0,Joe canose,,,
1224,0,1.2145062998842322,61.5,20.4052946990155,4.0,,Pento Malekzadeh,-0.0,0.30238308721314533,-0.0
1225,1,,,,,1.0,Pento Malekzadeh,,,
1226,2,,,,,1.0,Pento Malekzadeh,,,
1227,0,-0.6580566226270054,61.666666666666664,1.0181177284315026,3.0,,Tom Murtiashaw,0.4059748143870521,0.7588668537925388,-0.1521686050281854
1228,1,,,,,1.0,Tom Murtiashaw,,,
1229,2,,,,,1.0,Tom Murtiashaw,,,
1230,0,,,,,1.0,Daniel Murrieta,,,
1231,1,,,,,1.0,Daniel Murrieta,,,
1232,2,,51.0,,,,Daniel Murrieta,,,
1233,0,,,,,1.0,Kenny Glassman,,,
1234,1,,,,,1.0,Kenny Glassman,,,
1235,2,,49.0,,,,Kenny Glassman,,,
1236,0,,,,,1.0,Kevin Parkhurst,,,
1237,1,,,,,1.0,Kevin Parkhurst,,,
1238,2,,57.0,,,,Kevin Parkhurst,,,
1239,0,,,,,1.0,Mad Mike Loftin,,,
1240,1,,,,,1.0,Mad Mike Loftin,,,
1241,2,,57.0,,,,Mad Mike Loftin,,,
1242,0,-4.638981045116529,60.25,0.2863802761393463,4.0,,John Opsal,-0.3608724674728475,0.982838635137717,-2.023873633558619
1243,1,,,,,1.0,John Opsal,,,
1244,2,,,,,1.0,John Opsal,,,
1245,0,-0.0,68.0,0.013859730844529608,3.0,,Nick Cheney,0.37798802563185163,0.9970300576761723,2.3783167259172258
1246,1,,,,,1.0,Nick Cheney,,,
1247,2,,,,,1.0,Nick Cheney,,,
1248,0,-0.5975925565629663,61.666666666666664,1.8463790175840016,3.0,,Oliver Uribe,-1.0647372325624875,0.7754403897532971,-0.4644647586041469
1249,1,,,,,1.0,Oliver Uribe,,,
1250,2,,,,,1.0,Oliver Uribe,,,
1251,0,,67.0,,,,Rob Levander,,,
1252,1,,,,,1.0,Rob Levander,,,
1253,2,,,,,1.0,Rob Levander,,,
1254,0,-2.4146976940466565,60.42857142857143,13.95007835114893,7.0,,Sylvain Pelletier,-0.7393338560412376,0.6240077892154579,1.308173992189084
1255,1,,,,,1.0,Sylvain Pelletier,,,
1256,2,,,,,1.0,Sylvain Pelletier,,,
1257,0,-6.01632628272357,80.66666666666667,7.323727915176395e-05,3.0,,Troy Heine,0.0,0.9999973421955146,3.820493143099152
1258,1,,,,,1.0,Troy Heine,,,
1259,2,,,,,1.0,Troy Heine,,,
1260,0,,100.0,,,,Wes Miller,,,
1261,1,,,,,1.0,Wes Miller,,,
1262,2,,,,,1.0,Wes Miller,,,
1263,0,,62.0,,,,Aaron Keigher,,,
1264,1,,,,,1.0,Aaron Keigher,,,
1265,2,,,,,1.0,Aaron Keigher,,,
1266,0,,64.0,,,,Misha Wilkinson,,,
1267,1,,,,,1.0,Misha Wilkinson,,,
1268,2,,,,,1.0,Misha Wilkinson,,,
1269,0,,56.0,,,,Tristan Kolkhorst,,,
1270,1,,,,,1.0,Tristan Kolkhorst,,,
1271,2,,,,,1.0,Tristan Kolkhorst,,,
1272,0,,110.0,,,,Bella Brenner,,,
1273,1,,,,,1.0,Bella Brenner,,,
1274,2,,,,,1.0,Bella Brenner,,,
1275,0,-0.0,86.0,6.0,3.0,,Brent Snead,0.0,0.0,0.0
1276,1,,,,,1.0,Brent Snead,,,
1277,2,,,,,1.0,Brent Snead,,,
1278,0,,65.0,,,,Devon Saucedo,,,
1279,1,,,,,1.0,Devon Saucedo,,,
1280,2,,,,,1.0,Devon Saucedo,,,
1281,0,,56.0,,,,Drew Stancliffe,,,
1282,1,,,,,1.0,Drew Stancliffe,,,
1283,2,,,,,1.0,Drew Stancliffe,,,
1284,0,,62.0,,,,Erik Rommz,,,
1285,1,,,,,1.0,Erik Rommz,,,
1286,2,,,,,1.0,Erik Rommz,,,
1287,0,,59.0,,,,Jacob Farleigh,,,
1288,1,,,,,1.0,Jacob Farleigh,,,
1289,2,,,,,1.0,Jacob Farleigh,,,
1290,0,-2.596529969455154,59.0,7.8478825985708625,3.0,,Mario Avila,0.0,0.7262366535382258,-0.0
1291,1,,,,,1.0,Mario Avila,,,
1292,2,,,,,1.0,Mario Avila,,,
1293,0,,74.0,,,,Michelle Ainsley,,,
1294,1,,,,,1.0,Michelle Ainsley,,,
1295,2,,,,,1.0,Michelle Ainsley,,,
1296,0,-0.0,72.6,4.64,5.0,,Phoenix Sprous,-0.0,0.0,-0.0
1297,1,,71.0,,,,Phoenix Sprous,,,
1298,2,,,,,1.0,Phoenix Sprous,,,
1299,0,,68.0,,,,Rob Mills,,,
1300,1,,,,,1.0,Rob Mills,,,
1301,2,,,,,1.0,Rob Mills,,,
1302,0,,70.0,,,,Tom Limanek,,,
1303,1,,,,,1.0,Tom Limanek,,,
1304,2,,,,,1.0,Tom Limanek,,,
1305,0,,56.0,,,,Joshua Winer,,,
1306,1,,,,,1.0,Joshua Winer,,,
1307,2,,66.0,,,,Joshua Winer,,,
1308,0,,73.5,,,,Jay Harper,,,
1309,1,,,,,1.0,Jay Harper,,,
1310,2,,,,,1.0,Jay Harper,,,
1311,0,,53.0,,,,Rob Byers,,,
1312,1,,,,,1.0,Rob Byers,,,
1313,2,,,,,1.0,Rob Byers,,,
1314,0,,60.0,,,,Chris Alreck,,,
1315,1,,,,,1.0,Chris Alreck,,,
1316,2,,,,,1.0,Chris Alreck,,,
1317,0,,66.0,,,,Ernie Rogers,,,
1318,1,,,,,1.0,Ernie Rogers,,,
1319,2,,,,,1.0,Ernie Rogers,,,
1320,0,,59.0,,,,Gregg Sherbon,,,
1321,1,,,,,1.0,Gregg Sherbon,,,
1322,2,,,,,1.0,Gregg Sherbon,,,
1323,0,,55.0,,,,KC Seymour,,,
1324,1,,,,,1.0,KC Seymour,,,
1325,2,,,,,1.0,KC Seymour,,,
1326,0,,61.0,,,,Tom Bell,,,
1327,1,,,,,1.0,Tom Bell,,,
1328,2,,,,,1.0,Tom Bell,,,
1329,0,,92.0,,,,William Axelrod,,,
1330,1,,,,,1.0,William Axelrod,,,
1331,2,,,,,1.0,William Axelrod,,,
1332,0,,70.0,,,,Jamie Swenson,,,
1333,1,,,,,1.0,Jamie Swenson,,,
1334,2,,,,,1.0,Jamie Swenson,,,
1335,0,,65.0,,,,Jon Scherlie,,,
1336,1,,,,,1.0,Jon Scherlie,,,
1337,2,,,,,1.0,Jon Scherlie,,,
1338,0,,71.0,,,,Nick Marks,,,
1339,1,,,,,1.0,Nick Marks,,,
1340,2,,,,,1.0,Nick Marks,,,
1341,0,,62.5,,,,Hunter Maass,,,
1342,1,,61.0,,,,Hunter Maass,,,
1343,2,,,,,1.0,Hunter Maass,,,
1344,0,,61.0,,,,Noah Wald,,,
1345,1,,,,,1.0,Noah Wald,,,
1346,2,,,,,1.0,Noah Wald,,,
1347,0,,,,,1.0,Adrian Blumberg,,,
1348,1,,60.0,,,,Adrian Blumberg,,,
1349,2,,,,,1.0,Adrian Blumberg,,,
1350,0,,,,,1.0,Chris Eck,,,
1351,1,,57.0,,,,Chris Eck,,,
1352,2,,,,,1.0,Chris Eck,,,
1353,0,,,,,1.0,Fapiano F.,,,
1354,1,,65.0,,,,Fapiano F.,,,
1355,2,,,,,1.0,Fapiano F.,,,
1356,0,,,,,1.0,Jaime Williams,,,
1357,1,,86.0,,,,Jaime Williams,,,
1358,2,,,,,1.0,Jaime Williams,,,
1359,0,,,,,1.0,Joseph Wharton,,,
1360,1,,53.5,,,,Joseph Wharton,,,
1361,2,,,,,1.0,Joseph Wharton,,,
1362,0,,,,,1.0,Steven Wong,,,
1363,1,,68.0,,,,Steven Wong,,,
1364,2,,,,,1.0,Steven Wong,,,
1365,0,,,,,1.0,Valerie St. Louis,,,
1366,1,,78.0,,,,Valerie St. Louis,,,
1367,2,,,,,1.0,Valerie St. Louis,,,
1368,0,,86.0,,,,Chris May,,,
1369,1,,,,,1.0,Chris May,,,
1370,2,,,,,1.0,Chris May,,,
1371,0,,57.0,,,,Daniel Diodato,,,
1372,1,,,,,1.0,Daniel Diodato,,,
1373,2,,,,,1.0,Daniel Diodato,,,
1374,0,,57.0,,,,Dante Medina,,,
1375,1,,,,,1.0,Dante Medina,,,
1376,2,,,,,1.0,Dante Medina,,,
1377,0,,61.0,,,,Eric Plett,,,
1378,1,,,,,1.0,Eric Plett,,,
1379,2,,,,,1.0,Eric Plett,,,
1380,0,,63.0,,,,Jesse Pineda,,,
1381,1,,,,,1.0,Jesse Pineda,,,
1382,2,,,,,1.0,Jesse Pineda,,,
1383,0,,52.0,,,,Mel Mills,,,
1384,1,,,,,1.0,Mel Mills,,,
1385,2,,,,,1.0,Mel Mills,,,
1386,0,,55.0,,,,Nick Hammond,,,
1387,1,,,,,1.0,Nick Hammond,,,
1388,2,,,,,1.0,Nick Hammond,,,
1389,0,,50.0,,,,Paul Kinney,,,
1390,1,,,,,1.0,Paul Kinney,,,
1391,2,,,,,1.0,Paul Kinney,,,
1392,0,,59.0,,,,Steve Erle,,,
1393,1,,,,,1.0,Steve Erle,,,
1394,2,,,,,1.0,Steve Erle,,,
1395,0,,54.0,,,,Walter Vanderschraaf,,,
1396,1,,,,,1.0,Walter Vanderschraaf,,,
1397,2,,,,,1.0,Walter Vanderschraaf,,,
1398,0,,,,,1.0,Greywing Cooper,,,
1399,1,,,,,1.0,Greywing Cooper,,,
1400,2,,52.5,,,,Greywing Cooper,,,
1401,0,,,,,1.0,Jake Kermish-Wells,,,
1402,1,,62.0,,,,Jake Kermish-Wells,,,
1403,2,,,,,1.0,Jake Kermish-Wells,,,
1404,0,,,,,1.0,Steve Parrott,,,
1405,1,,,,,1.0,Steve Parrott,,,
1406,2,1.317457261989573,66.33333333333333,0.20498944879383751,3.0,,Steve Parrott,0.0,0.9514498673909332,0.5193995575607304
1407,0,,,,,1.0,Chris Hughs,,,
1408,1,,,,,1.0,Chris Hughs,,,
1409,2,,64.0,,,,Chris Hughs,,,
1410,0,,,,,1.0,Conrad Damon,,,
1411,1,,50.0,,,,Conrad Damon,,,
1412,2,,,,,1.0,Conrad Damon,,,
1413,0,,,,,1.0,David Fairweather,,,
1414,1,,56.0,,,,David Fairweather,,,
1415,2,,,,,1.0,David Fairweather,,,
1416,0,,,,,1.0,David van Dolen,,,
1417,1,,70.0,,,,David van Dolen,,,
1418,2,,,,,1.0,David van Dolen,,,
1419,0,,,,,1.0,Dennis Cribber Warsen,,,
1420,1,,53.0,,,,Dennis Cribber Warsen,,,
1421,2,,,,,1.0,Dennis Cribber Warsen,,,
1422,0,,,,,1.0,Heema Sinibaldi,,,
1423,1,,94.0,,,,Heema Sinibaldi,,,
1424,2,,,,,1.0,Heema Sinibaldi,,,
1425,0,,,,,1.0,Jake Wills,,,
1426,1,,56.0,,,,Jake Wills,,,
1427,2,,,,,1.0,Jake Wills,,,
1428,0,,,,,1.0,Jan Vejsada,,,
1429,1,,64.0,,,,Jan Vejsada,,,
1430,2,,,,,1.0,Jan Vejsada,,,
1431,0,,,,,1.0,Katie Fairweather,,,
1432,1,,83.0,,,,Katie Fairweather,,,
1433,2,,,,,1.0,Katie Fairweather,,,
1434,0,,,,,1.0,Mark Ferenc Farr,,,
1435,1,,61.0,,,,Mark Ferenc Farr,,,
1436,2,,,,,1.0,Mark Ferenc Farr,,,
1437,0,,,,,1.0,Micah Zayner,,,
1438,1,,66.0,,,,Micah Zayner,,,
1439,2,,,,,1.0,Micah Zayner,,,
1440,0,,,,,1.0,Mike Vider,,,
1441,1,,58.0,,,,Mike Vider,,,
1442,2,,,,,1.0,Mike Vider,,,
1443,0,,,,,1.0,Olin Vejsada,,,
1444,1,,79.0,,,,Olin Vejsada,,,
1445,2,,,,,1.0,Olin Vejsada,,,
1446,0,,,,,1.0,Tom Brown,,,
1447,1,,65.0,,,,Tom Brown,,,
1448,2,,,,,1.0,Tom Brown,,,
